Index,f1,f2,f3,f4,f5,f6
1960-01-01,-0.5143617299127206,0.08341278082007983,0.0992758690818238,0.6253606257334997,0.3782022100310131,0.0
1960-02-01,0.40323724515413917,0.1519126863047902,0.18042287872012897,-0.023148704875362858,-0.7399008447802689,-0.7984781925169772
1960-03-01,-0.3155255300648796,0.3469261226154884,-0.09611157960763349,-0.10405006118286422,-0.7301333978877811,-0.32709149610175137
1960-04-01,0.12507383453209936,-0.13855331797453663,0.16972690832489432,-0.011350601636368252,-0.4800886564895869,-0.012799437945629287
1960-05-01,-0.25819170003108305,0.47115154313840124,-0.06697944280732622,-0.05707359350625325,0.05933474723561745,-0.0074149904856447985
1960-06-01,-0.3579629008174722,0.22311388755953776,-0.3102610839113356,-0.4313162894604784,-0.45708463750396766,0.1788336345953596
1960-07-01,-0.30666624387477465,0.2439486471631061,-0.12644147785034868,-0.10649646346988875,-0.29053652997953605,0.1828079866401181
1960-08-01,-0.25853503800339833,0.05822135924283339,-0.1976907634563448,-0.042837245013003296,-0.22476104447477205,0.09987061577469762
1960-09-01,-0.18424462230399408,0.5472650393566101,-0.17119630815623618,-0.022644476000542035,-0.2415099033730404,0.1461715734468909
1960-10-01,-0.43160356595498783,0.2575777105345929,-0.3891617113990107,0.3288489908533557,-0.2020019388717278,0.12304955678880507
1960-11-01,-0.1751775852261946,0.5588905886486688,-0.4392851902678669,-0.3248454296321004,-0.29017137557919126,0.1809937631342982
1960-12-01,-0.31125078494182495,0.5722376525585409,-0.649058512945029,-0.28855349716475553,-0.3858322907480883,0.34418770280142563
1961-01-01,-0.37404549581579816,0.3871387562814706,-0.4666081355213101,-0.04159525193896152,0.06614970704510635,0.41587696454724965
1961-02-01,-0.462036887903972,0.17568900505064272,-0.45959186422361736,-0.005439745036534022,0.04179857241919591,-0.14184008930984215
1961-03-01,-0.3114550646758097,0.07403855985154129,-0.26369272577456987,0.05164782880459278,0.19699466005014696,0.268228484948685
1961-04-01,-0.7337941292944791,0.1575923597006889,-0.38168685629905674,0.5138412021102403,0.48935184499207207,-0.21306104748590762
1961-05-01,-0.44998783652360563,-0.05719910444149773,-0.18957269325773232,0.5169788751834931,0.12689564555406996,-0.47925454531540496
1961-06-01,-0.13785555211541017,0.1273818017366097,-0.07481081029021092,0.49582859082212116,0.18584801448481653,-0.39422043037267246
1961-07-01,-0.12193031481719864,0.1379551446552671,-0.2547330984128425,0.5908164349726407,-0.2025240788483319,-0.5175979648585828
1961-08-01,-0.07730130778223261,0.09758932345236893,-0.03573918093353243,0.2197499990983903,0.2728530577495065,-0.5383197590874419
1961-09-01,0.21535962184917148,0.29912804805335086,-0.1643106952541181,-0.008472698106946508,-0.33428022036551314,-0.458174895175413
1961-10-01,-0.28792224199533856,-0.1514849410142332,-0.015551737717739322,0.36982002197543956,0.3497085823608688,-0.1857276645823853
1961-11-01,-0.20708339133103273,-0.24107478954673692,0.05288447546747821,0.32249575867787417,0.33743072772425203,-0.5413136557641416
1961-12-01,-0.02447728452495382,0.03183680689719648,-0.08278075827034448,0.34899394133598405,0.0602470389339014,-0.46626381435047537
1962-01-01,0.3748905424435679,0.38957452479635474,-0.12149113453295711,0.047130749562072694,-0.5329168130583604,-0.2866298343050159
1962-02-01,-0.034482214721734905,-0.21063268045655645,0.05669970649471942,0.44554390745551764,0.031239339209122904,-0.09971368164228726
1962-03-01,-0.0503115869130176,0.04857005608760548,0.1324823759358683,0.014096620977911069,0.003641149310279229,-0.511510440731322
1962-04-01,0.2387017689883135,-6.573674586832223e-05,0.25012206015936533,0.12797520653814637,-0.281281636821568,-0.35895206178677824
1962-05-01,0.12854070389959982,0.3790493625271578,0.06812534168545822,0.18684308509178793,-0.31351491887375044,-0.35233838781198074
1962-06-01,0.18237850277459516,0.5684126640582924,0.22558257374523077,0.2108881375476816,-0.49570902322742927,-0.2628468797079967
1962-07-01,-0.21408549961040563,0.08392727973448459,-0.07485285224224092,0.2469863857040547,0.2796314494238624,-0.2354294054381946
1962-08-01,0.04815852230393486,-0.1708988846425646,-0.16383773863493098,0.11668146861305345,-0.28350620964205314,-0.19276936372756898
1962-09-01,-0.0262355691488035,-0.14438951650885135,-0.024481939910956572,0.3261677772846154,-0.21283288979178774,0.04084371057790106
1962-10-01,0.031255182483387524,0.5232641056038997,0.2808132764802876,-0.3277126647197396,0.06179033948252414,-0.11918030817065763
1962-11-01,-0.16037911491560308,-0.28219296558160595,-0.26365034650870517,0.0014229634094699989,0.20497464328520187,-0.28283384294573116
1962-12-01,-0.07277335595029175,0.07610905874213907,-0.142329485288821,-0.18327142891513012,0.11145571446556202,0.11037231065667664
1963-01-01,-0.2300908697574321,-0.17985393964585686,-0.16721514248220692,0.23067465447243818,0.10965989925483732,0.09015267366759912
1963-02-01,-0.16641189126219774,-0.027857643870298723,0.01790812265667501,0.15786645804709776,0.14422304554185827,0.00012048686725840349
1963-03-01,0.0017036783132390043,0.09055819130635562,0.09192175113950729,0.052153702200846766,0.044452851757268604,-0.13351671880087532
1963-04-01,0.07503837428125193,-0.1986889184357045,0.09378525157165955,0.05891454948989437,0.1898165046366453,-0.1674255620947342
1963-05-01,-0.008737979969363208,-0.1762836410235512,-0.08126273149396546,0.15873352660020407,0.06339719732120426,-0.2562841867297537
1963-06-01,0.06026093696234492,-0.00809891102666506,-0.108711382006416,0.15517963827271034,-0.031386443293654524,-0.007620566645844186
1963-07-01,0.2740220277420263,0.15724373555737203,0.022011421841540545,-0.02518074906202497,-0.09161024991991717,0.06984234295894876
1963-08-01,0.03712082870720787,-0.05439074466186918,0.0660016493234049,-0.04701897851095049,0.152242048969499,-0.0015143966292380509
1963-09-01,0.09510258626709853,0.0319050971964879,0.18174521277702926,-0.10415470554498493,0.23110987683880715,-0.05529306840755695
1963-10-01,0.18778704054823198,-0.26800651559776034,0.0870056704521741,0.21870147907017035,-0.05809408266576428,-0.1863364089521704
1963-11-01,0.03881263122971873,0.08182497223767315,-0.009261934337416775,0.07609473575575154,-0.04845680796975763,-0.0756419002077009
1963-12-01,0.11248623812031983,-0.050974508664963857,-0.07837192534875799,0.013754678697147117,-0.01611889625930351,0.039227420152073006
1964-01-01,-0.11060618213809208,-0.07038408954187858,0.04547097291490395,0.035020482343426855,0.2323062983599684,0.025691790668360803
1964-02-01,0.2681947838822623,-0.07442881521572921,0.21265325518382794,-0.11905888635340373,0.02984294452322831,-0.14603673222072686
1964-03-01,0.25853569037161517,0.01839131847714763,0.05798760932784017,0.025533985423878983,-0.19349112775032484,-0.24121915446912132
1964-04-01,-0.30837920533419405,-0.1548618822562838,0.025785213915527426,0.30733113775829146,0.38605296661113175,-0.03680396572026672
1964-05-01,-0.02028763927859363,-0.05306512704351035,0.07755355418733867,0.07049142427798662,0.0099320835388306,-0.2640208415252458
1964-06-01,0.08310789290744924,-0.03274641438701466,0.029234035380560453,0.12277132064729039,-0.1548468432926675,-0.16161317644353104
1964-07-01,-0.04317448062634779,-0.17696864394470846,0.049614143481209974,0.04348266848194047,0.22356720331778476,-0.04446081909377075
1964-08-01,0.17655960093386341,0.032785343840814475,0.22259081431070343,0.09947002987741471,-0.13786025851503908,-0.23402884489499615
1964-09-01,0.2716945861608473,-0.09290410292383908,0.19130661234791618,0.1569631229724393,-0.2566524730345449,-0.2555055807998106
1964-10-01,0.3483995794106162,0.4399867091733767,-0.08373804551336503,-0.442255083827067,-0.4690343775240005,-0.12866387869277918
1964-11-01,-0.3380642670159281,-0.474367078018661,0.30571874968276325,0.7438886890756322,0.4847055002140529,0.19567554567889295
1964-12-01,-0.14850781699987783,-0.14498644195014768,0.28397705979244703,0.45315635877350763,0.1627461662914577,-0.6528199705512296
1965-01-01,-0.19726015663796098,-0.07794207212825595,0.22485728048349352,0.23239274048671646,0.08971152174073252,-0.3753797329030099
1965-02-01,-0.052329896438302215,0.07559004882564295,0.26130335619305023,0.10671249615953209,-0.012372656516462438,-0.29515096442365507
1965-03-01,-0.03733457575954994,-0.19908293520955658,0.27518882021115176,0.330727862774845,-0.006591486047881984,-0.21925219858894104
1965-04-01,0.05849331875556553,-0.06402563162700803,0.2900235943945029,0.14098711834585667,-0.21857713520270722,-0.29508159305556003
1965-05-01,0.03154616699034622,-0.15636242187818897,0.28737519218415325,0.20623650253034698,-0.08682180490944712,-0.19137564086126124
1965-06-01,0.06820493343497766,0.01161556220082632,0.32540934995662685,0.3576697384923323,-0.31852941067257834,-0.2406988744112448
1965-07-01,-0.06331917187956213,0.11979212327158273,0.5187801216480431,0.020290370383602138,0.1829232467577544,-0.23457247665122744
1965-08-01,0.06279137144553595,0.017649545425946975,0.2693336756444974,0.03668016094285367,-0.13933668204737037,-0.49261393278614574
1965-09-01,-0.030724431401287035,-0.23986590131071572,0.10944203408736825,0.251329805355134,-0.05911032540611258,-0.11983463663501472
1965-10-01,0.009709707664040834,-0.19295369217203268,0.20696846420192302,0.2060927613528185,0.09404696452117355,-0.07336303334312938
1965-11-01,0.1052501095589049,-0.07395689192947505,0.26818543164982034,0.12605063740115657,-0.005087248810068824,-0.1810044268275307
1965-12-01,0.10790233664475828,-0.19362431990731843,0.2968531386348216,0.4912160854673156,0.0646603530806372,-0.20085560916202552
1966-01-01,0.025379585763453505,0.061101815198856865,0.3520832772606459,0.16316995197291206,0.1125510726944602,-0.22701960517856862
1966-02-01,0.05721748771505199,-0.10626579400124239,0.23772992999934128,0.4958498657206988,-0.31708837840935467,-0.3275080891502191
1966-03-01,0.012834323434270703,0.08543044824623032,0.5650366364004268,0.33491742561494714,0.016591850001571484,-0.16899103513731473
1966-04-01,-0.03833598964562298,-0.07845313873905344,0.2379417454438874,0.22606257357571216,-0.23461509303801278,-0.5350120537987422
1966-05-01,-0.03398628061608527,0.41211671881580453,0.6465322817170713,0.2911402512861868,-0.31515353534067625,-0.2722599030124367
1966-06-01,-0.08959383203870659,0.02844962636944573,0.5572648587905511,0.3373568410201897,-0.32651417885464085,-0.4754207290646887
1966-07-01,-0.13628561267355072,0.10032252013119686,0.39054176906097715,0.43560585059411444,-0.31104931002399044,-0.3244236923797666
1966-08-01,-0.09831827056399375,0.31686392031766425,0.4517467008946359,0.5767947987826393,-0.46298105802582595,-0.08695035248867548
1966-09-01,-0.49335540155034874,0.4515829716281197,0.3508284890815071,0.49241181054734445,-0.051129101515727665,-0.05135274075379324
1966-10-01,-0.7426612850332279,0.233543243627153,0.358366670521303,0.4990581247345763,-0.24350497253160314,-0.27633486998399626
1966-11-01,-0.3468044865706763,0.3472710483121417,0.30146648504079443,-0.04525092234177738,-0.41472338102436407,-0.39211404756863033
1966-12-01,-0.49834138052982446,0.15349738736622695,0.32701183122080235,0.18100413796102482,-0.4878618829565079,-0.057316498692787196
1967-01-01,-0.5072287312648633,0.02617877300118468,0.26060476561916135,0.08248461091699846,-0.3542565242996712,-0.26763460258658806
1967-02-01,-0.2830789876385987,0.2110864935017157,-0.00250643428284103,-0.11031115609145539,-0.4924279897882162,-0.3519137799472148
1967-03-01,-0.366867844446424,0.20519951092865107,0.10786408905796073,-0.06752566799475887,-0.3524710547253006,0.24995027785313667
1967-04-01,-0.6255018835870244,0.0417978275665668,-0.09663537042970326,0.2595257374871251,-0.032595930409262425,-0.057886591466656936
1967-05-01,0.011534638339996295,0.26049627107279744,-0.03408200941556726,-0.07305111653014279,-0.33480112400750717,-0.09373673133955511
1967-06-01,-0.012128578545914148,0.07414762691265572,-0.06169883293697108,0.282577063970079,-0.2052989743009321,0.12594162428991515
1967-07-01,0.1826672648801082,0.3789480086024093,-0.04413283553579174,0.09178168599572424,-0.025309252016201416,0.15771761766521147
1967-08-01,-0.16344747189205822,-0.11928229614204858,0.028134420724811843,0.50063457319931,0.22977623630297547,-0.012837130462731682
1967-09-01,0.02027551803231302,0.2885197711701086,-0.11714969224307799,-0.02353757926157926,-0.07586178802540823,-0.3746892464994598
1967-10-01,-0.13577643893366667,0.25670650318836263,-0.1486576070661437,0.312351353920529,0.07977715080512203,-0.07344794122415053
1967-11-01,-0.024330609549519405,-0.008673835345966996,0.16083355975005392,0.734174371328616,0.12354856596040441,-0.2556175474006092
1967-12-01,-0.18915866066584536,0.026772688624121646,0.01054533573740779,0.30815252011610816,0.2895529024937255,-0.5401131056948538
1968-01-01,-0.18853757093808965,0.2254834413702555,-0.21775736006792057,0.05512293658315495,-0.3064670212504047,-0.3194488451365739
1968-02-01,0.21043262290126435,0.08934800340545304,0.2948536868072555,0.16757546423039443,-0.29100633433651857,-0.023485645057727045
1968-03-01,0.08699989434534579,0.09654264489021874,0.10721025176893265,0.1072686528056074,0.02491825788733061,-0.3893263473776733
1968-04-01,0.1416304225058822,-0.18966478552527719,0.1488125635402063,-0.12712883619148835,0.03376215430419263,-0.10658973786799451
1968-05-01,-0.06667426633774184,-0.039241414130615035,0.24794083319732615,0.2444913886545062,0.2891485418184181,0.08269010479564964
1968-06-01,-0.06869466439960717,-0.2580402796213676,0.1348481013641889,0.10982889873900563,-0.22386956819258197,-0.014899382464830399
1968-07-01,-0.0004786726273438499,-0.03658180533698672,0.27332430025345505,-0.21058696683882402,-0.2189645351927093,0.029001020795291946
1968-08-01,-0.050836326012801775,-0.1603268356269547,0.3469189453839666,-0.03975445899323943,-0.17469953826702322,-0.04941913520515463
1968-09-01,-0.0034931735325742716,-0.13196534020018325,0.18658347842867012,-0.10423840800571565,0.0907101374258637,-0.09165500618954317
1968-10-01,0.06833038923294436,-0.2710255550851447,0.1271685038532153,0.10754522164291568,0.05935717914192162,0.03691195765854971
1968-11-01,-0.03401247013407721,-0.15096998937956962,0.24150742080135867,0.1704395137763405,0.3315141269719632,0.1163473327504022
1968-12-01,0.2828164368794841,0.2316191146550122,0.3025900152195203,0.08110293977804742,0.05385377580475241,-0.11833519690931622
1969-01-01,0.20034504621025834,-0.007049211869576695,0.29279035556435234,0.2758210315920853,-0.11563810591111287,0.032793701415259995
1969-02-01,0.03703342042935876,-0.09701030507447364,0.30695078322633057,0.11984287432623048,0.05646136723343664,-0.056678413050143456
1969-03-01,0.04715879159277195,-0.257696564707926,0.24685918006602953,0.3624745730854076,-0.18066455462993286,-0.05231887216512541
1969-04-01,0.10279890224829327,0.02549744653950873,0.4092934824004469,-0.37076800390757264,-0.06033332767293004,0.08031403218441543
1969-05-01,0.05500937526444885,-0.2114639520700904,0.5647773132573655,-0.4009294353897679,0.04026638101249892,0.1816265399270765
1969-06-01,0.08722491357760111,-0.20942306316537934,0.70067701807787,0.3899382201804403,-0.03805018131488366,0.4654160427168852
1969-07-01,-0.23453336637496047,0.21413244484609034,0.5834585208308128,0.2852969955163489,0.1807178182472155,0.3842260593842707
1969-08-01,-0.19357307378643746,-0.19688781082042395,0.6294875187981925,-0.06868708942915977,-0.0958896917245711,0.16895730319646715
1969-09-01,-0.2011698347615122,-0.00738118014094637,0.2538559281867109,-0.01854595048680774,0.14492208063594886,0.26921843133094814
1969-10-01,-0.17067062193103213,-0.13944827878886085,0.4110746201172503,-0.09805329643736911,-0.07174978786842354,0.6592664015805147
1969-11-01,-0.03464316038030457,0.12027712035083771,0.18243965625256614,-0.2093196530003691,-0.2756467452548925,0.33068120033905557
1969-12-01,0.05973610946168678,0.2903907496827366,0.3977704560828924,0.2137123147436184,-0.12994363888330163,0.6119582765007903
1970-01-01,-0.09310722299181315,0.4889378323764567,0.18295493956199474,-0.30206057102694195,-0.539320808485509,0.40771163245538977
1970-02-01,-0.4544109901794667,-0.0823935092616522,0.38356892734790543,-0.11545076100864471,-0.3144030994792295,0.5437195443051951
1970-03-01,-0.4635303676456686,0.0708313409877026,0.222123950039437,-0.25193739147413624,-0.32816633657282446,0.10585063467665326
1970-04-01,-0.4024117919527769,0.13297566900287575,0.013034812334523985,0.14626850941285566,-0.24086719823805813,-0.06525480128381768
1970-05-01,-0.275401977857337,0.7861392758821462,0.15876439960017882,0.23760459043220733,0.08251072191980303,0.5430557893762005
1970-06-01,-0.4022005172364178,0.16981160609214072,-0.1752823443458963,0.034354583020876364,-0.06386415576075749,0.3834628254206949
1970-07-01,-0.2859242366747351,0.008869827273429692,-0.03132992967120833,-0.05139745589481544,-0.13412985188158827,0.2874990033013351
1970-08-01,-0.15627385386330495,0.2824014142251633,-0.271422909892686,-0.32070441196852956,-0.03960606439562308,-0.019652081139764244
1970-09-01,-0.040281825996027615,-0.1324782259100291,-0.4893984838059412,-0.22830633119258756,-0.30271633659578784,0.1605226477412147
1970-10-01,0.08732212208159032,0.37094924850153943,-0.629458274922927,-0.770994600828678,-0.4015156369437475,0.40750611397921493
1970-11-01,-0.2568674489043352,0.14047918100590082,-0.38787580935378696,-0.4863408062179195,-0.3017463285715641,0.7374763736033794
1970-12-01,-0.617905456796594,-0.7777283578662282,-0.22364305804236406,0.151748314349469,0.6880677971313067,0.05601239934609807
1971-01-01,-0.20662430322717207,-0.08835021642694502,-0.2835539944384862,-0.25632706726269483,0.26068679513839815,-0.5724618048887639
1971-02-01,-0.07296235905514634,-0.16614942958135429,-0.4632523433861339,-0.37637565595161404,-0.10011154542998055,-0.3920207028040223
1971-03-01,0.1193379114065398,-0.14286520982223555,-0.36110862223000784,-0.3004474501750524,-0.07374686606090641,-0.14149433151834778
1971-04-01,0.26168073019554283,-0.09541188733597161,-0.2384099365486571,0.04423136323358328,0.4228206869240377,0.031057565806635986
1971-05-01,0.5587198022006765,-0.018393948357995713,-0.05928868884590767,0.21496285271272172,0.23094113609117906,0.1453366821311792
1971-06-01,0.2518760330476981,0.12019873531235832,-0.23306211295759163,0.07516193409908373,0.36573282946770813,0.16169637134594297
1971-07-01,0.40550282335946797,0.20126426112794188,-0.09501742907844479,-0.11141952611248634,0.29407052147183455,0.18662746133472646
1971-08-01,0.4633853985582815,-0.07213480135300665,-0.06624216667870451,-0.3654528465524581,-0.33524048462489847,0.059276833068830075
1971-09-01,-0.02728533480226758,-0.45898335045973615,0.12979371671616582,-0.18764317171334063,0.3736738796649076,0.07684660556554193
1971-10-01,0.05029689941328308,-0.32189656682981355,-0.06490966991141306,-0.028806604130921218,0.08469600137666128,-0.3691794549205771
1971-11-01,0.2741510369017409,-0.16254565617296057,0.0710212013170054,-0.13357695231078653,-0.055092584653144316,-0.12696886115657208
1971-12-01,0.27383023601257556,-0.5161249040664351,-0.2470733853626767,-0.01513422680240346,0.1997731509402981,-0.16212827833139612
1972-01-01,0.2271273960564133,-0.5297699741160018,-0.028245148182096752,-0.03028268136110266,0.4803105966259652,-0.18407560436774995
1972-02-01,0.4582832845158865,-0.2422200070308177,-0.21527704895104333,0.10822296762533444,0.0956694681094526,-0.695680906337378
1972-03-01,0.601288896130041,0.0007454385385846085,0.056272497804617516,-0.20005226665303702,0.4021811893893902,-0.28905978007353267
1972-04-01,0.4434125122014825,-0.23312426387288135,-0.07010838418553551,0.15210288807843375,0.26204495019165036,-0.2958247353220226
1972-05-01,0.6046812713507135,-0.2073392366640569,0.03393968247671605,-0.15274925460240493,-0.23191634002902306,-0.17073202500171808
1972-06-01,0.6425839511444795,-0.1218741036186385,0.09048450553296747,-0.21494543145625,0.09818913948115886,-0.1813855037393637
1972-07-01,0.39682307862684896,-0.13233193468720894,-0.2463331780574719,-0.10963789485793769,0.008903154430345561,-0.08720980888003874
1972-08-01,0.34099967717907415,-0.43774495239800726,0.13735344123975043,-0.09825849870621484,0.4894626069245761,0.1739340881564717
1972-09-01,0.5798477642366172,-0.30300535018821273,-0.10348807238859066,0.21861974840434334,0.23979511288595257,-0.24826510382109382
1972-10-01,0.35905314391056853,-0.2446738858097055,0.24226293552813827,-0.12396028317731739,0.4792496164873794,0.10474527818485836
1972-11-01,0.4076350804526158,-0.6181884057989872,0.02220576089264363,-0.013061211758088442,0.1914331733632177,-0.4243966605452479
1972-12-01,0.5385141657425373,-0.3801959330148353,0.17908496478074343,-0.05887722700207895,0.37255319779479634,-0.21144124033767772
1973-01-01,0.6827161251950784,-0.4191506122789227,0.18927528050439174,0.008998133196597605,0.1943090470521612,-0.17984516187944194
1973-02-01,0.5913836628028203,-0.4783108801028575,0.46979051044926584,0.29171112728585524,0.12304463866951619,0.04751807222918212
1973-03-01,0.6709074256514641,-0.24612354540348902,0.34012575897732866,0.1051082595723096,-0.03449954247146331,-0.0851872642641667
1973-04-01,0.5158993017029196,0.05477045083676474,0.43346168920696726,-0.31243384163234317,-0.11536237938527863,0.27565013727303533
1973-05-01,0.29505236706530713,-0.2049520302686593,0.4819677584710307,-0.13883116291051656,0.14122710808326436,0.05204361789613053
1973-06-01,0.5162742769625086,-0.20267871986951097,0.5364917860286531,-0.11096716907837954,0.01667375017144584,0.14664272000477366
1973-07-01,0.17641303810447684,0.07553956860585137,0.7663974893179636,-0.3703470003100097,0.8266885615531546,0.4209553609288896
1973-08-01,0.527073533751618,-0.9635876523486704,0.11864181393450879,0.8086309172984767,-0.724786380257703,0.6992492157412467
1973-09-01,-0.46968161462989394,0.26574018458870025,1.0889265193603919,-0.9717912570953537,0.8662471972234171,1.2381910948703303
1973-10-01,-0.48662900923055263,-0.9227038292741727,0.4888259774901462,-0.15868350903243367,-0.137866381822075,-0.12032126268551963
1973-11-01,0.03472094811464532,-0.296235533706539,0.7639245175938598,0.2730939362062462,-0.15689816310477417,0.21145145786292463
1973-12-01,0.001779852994706163,0.09900727685260588,0.8582621065357353,-0.11092839191002907,-0.529315804929452,0.35311235168479704
1974-01-01,0.005162553728570607,-0.15393161804117722,0.4031637121879136,0.0010759951360064801,-0.4245246937626458,0.3129130831839035
1974-02-01,-0.039791957515802445,-0.18960792155942877,0.4834279460396109,-0.23426395537446196,-0.4763000397770815,0.7096352699012268
1974-03-01,-0.1171414979161516,0.021598668500525636,0.31246034453901794,-0.06134487451810994,0.5084008547137187,0.359935408814389
1974-04-01,0.013850700930938417,0.477297390182684,0.7327095336409963,-0.18398402386224247,0.34392018370638694,0.659178537879545
1974-05-01,-0.35543752274425133,-0.4578113053177999,0.6051575597358877,0.4125171641609664,-0.03440023038158256,0.6661604262374046
1974-06-01,-0.5684920780418432,-0.02563330035087452,0.844527140280164,-0.32283645688842966,0.15012023774205493,0.6388509837744591
1974-07-01,-0.5234103028151593,0.05538774521050699,1.0693693857870818,0.17784601794144092,-0.2731497428859062,0.5401074349416881
1974-08-01,-0.39910448491104306,0.11462835573597233,0.507331202626325,0.4498829242888076,-0.29709176220520417,0.8832013823630953
1974-09-01,-0.6433937725775665,0.4604787484991779,0.8318124347687262,0.18052289427985915,-0.5898640141756639,0.9744333253826172
1974-10-01,-0.9051641017437531,0.26518594240114635,0.42602970739059093,-0.3050527269001004,-0.4517842002243616,0.17861257410474587
1974-11-01,-0.506471620458288,0.5291876993865915,-0.08268521223209091,-0.6386148244867236,-0.8995776703851797,0.11169478097322766
1974-12-01,-0.3039019874577535,1.1365294655507108,-0.19115231285695206,-0.7416886041303747,-1.1356936715874044,0.9708964669331294
1975-01-01,-1.0327998296208918,0.4686218405739346,-0.6918587315241486,-0.6062819827375683,-0.19529581606441443,1.0521431517535618
1975-02-01,-0.9335580012655008,0.4497157767815063,-0.8349350951073823,-0.9010751528364258,-0.2905485724078244,0.7165333070043266
1975-03-01,-0.744088620243186,0.6033866952199427,-0.7227477204972222,-0.12858686394213337,-0.004342280982455836,0.6173289635362248
1975-04-01,-0.6735962809893388,0.5466686708120397,-0.6332185042072468,0.5054271725669107,0.3627593833513558,0.4008781867115463
1975-05-01,-0.5328794654946729,0.11243181598392793,-0.5054656077521368,-0.07268764092705848,-0.03243687178261384,0.18044150865509373
1975-06-01,-0.6636279479599568,-0.12007489578527514,-0.5854733655319675,0.3377858719729713,0.12445617822303313,-0.23263230250448047
1975-07-01,-0.2534004822019431,-0.029182192021112136,-0.28241629073751495,0.7630497503695205,0.3470254977991592,0.03306375802865048
1975-08-01,0.03276258543182148,0.720511856778687,0.3312786773879756,0.3940016418869118,0.20952511197695162,-0.04008581659697883
1975-09-01,-0.22577854618837967,-0.02866571506840085,-0.13163245406133647,0.616136215313571,0.041336526912713,-0.6700081389515784
1975-10-01,-0.11840811210126995,-0.09068796081434763,-0.13321038261512586,-0.02677628153320194,-0.29915164235367747,-0.4690989562414462
1975-11-01,-0.04951175709080623,0.0897973250085878,-0.26803664835678404,-0.0050966202131018795,-0.22776756845255983,-0.5688765553407891
1975-12-01,-0.06571728403504255,0.11489899803016562,-0.02367702694255497,0.37511863477133756,0.1330178292612898,-0.4474426383776678
1976-01-01,-0.1384935913806606,-0.4259607439266179,-0.11068325032872577,-0.11440325680107405,0.13760914318372508,-0.699871825323745
1976-02-01,0.18928878577171182,-0.0281379878863941,0.005338753692885584,0.042661228878489985,0.15216175276808588,-0.8161293487763333
1976-03-01,0.31597687421649684,0.1208900347417633,-0.11673740977938545,0.1398367876422371,-0.1338516882370423,-0.6404963134539854
1976-04-01,0.1758851504812468,-0.09627966315724455,-0.09815580425887736,0.09205640946624175,-0.29793817502628805,-0.3738492223104261
1976-05-01,0.22417206145068258,0.12284987695585856,-0.1937755263485076,0.3646818546995496,0.009938226873930783,-0.42096917387878807
1976-06-01,0.055258009035223224,0.20357867658287654,-0.21502084306390962,0.10417620568652694,0.008013903121298464,0.007375227628669732
1976-07-01,-0.07593065118180418,-0.06095759315812502,-0.184058572834116,0.06360285834160286,-0.033549210459961634,-0.045026555908633796
1976-08-01,0.03207887416369817,0.008040770920487769,-0.08701833016676869,0.07486812407235154,-0.08853507940338731,-0.32012387822622584
1976-09-01,0.24490842913764554,-0.11874706855088873,-0.07065708107189564,-0.06492057391727155,-0.13507188973760118,-0.32804333644593525
1976-10-01,0.12010286004932914,0.14977034053162425,-0.13715207351469488,-0.06412852848919477,-0.27977946791679753,-0.24164406265665997
1976-11-01,-0.10107015840969591,-0.16660258935546612,0.04191498662322907,0.1756405931395824,0.24958155710156518,-0.22202997307547123
1976-12-01,-0.07595611145389462,-0.4202442251751863,-0.17026281566542584,-0.045960154254936686,0.12335895448161117,-0.5356955679834823
1977-01-01,0.5069349307280097,0.17399668289871692,-0.10640416497569946,0.057970322720173315,-0.12055083715169092,-0.36945348222684515
1977-02-01,0.331816462556384,-0.3100736641757517,-0.02164007963424524,0.5686114492823522,0.03499081964478735,0.005409725516282915
1977-03-01,0.47812613651057095,0.030844308346525722,0.2534350100930844,-0.0836827951583626,0.2831148542680181,-0.34929160116220015
1977-04-01,0.4312810279072644,-0.2343072657018872,0.0633694493685126,0.1695726891536554,-0.08674761611790836,-0.6418166290536015
1977-05-01,0.5101498455952704,0.035550583833893146,0.2156320162692292,0.02691824404074654,0.18897401812665737,-0.43708034890802155
1977-06-01,0.3987442911264685,-0.24505564891046097,0.16452499354038502,0.042515965408176024,-0.022229981186928857,-0.2835675542184966
1977-07-01,0.5073752099475332,-0.09067988960563506,0.06211326138337966,-0.10570557313951709,-0.009488373030926624,-0.3397885030402465
1977-08-01,0.5610942641225892,0.02566714758953137,0.1689631145600447,0.00022214062679406024,0.031986049454505915,-0.1272599601556084
1977-09-01,0.5279491574946633,-0.08419610415735519,0.24466222455180933,-0.03969058165810067,-0.07813383301068491,-0.05799107777161598
1977-10-01,0.5954538077488746,-0.05204391452993695,0.17652902146819438,0.052421336542727626,0.03277173679073141,-0.10730956377379741
1977-11-01,0.5339872840866751,-0.3701574249103522,0.07245040558928961,-0.012476207797225788,-0.125745791230222,0.05004199676841722
1977-12-01,0.4291484594689493,-0.13858027608639653,0.24879818034464316,-0.14005341710946848,0.23556771607395738,0.007753997600098985
1978-01-01,0.9436089815252637,0.36291574952770556,0.11423872294180401,-0.19616105661025218,-0.5784784737013355,-0.23326417965966012
1978-02-01,0.3380569264678964,-0.12151773240656039,0.2191660429274367,0.07441271853674537,0.10183604700454699,0.31500313799722396
1978-03-01,0.22883064701006595,-0.5507004793163681,0.22711020980626784,0.30877326072011513,0.25743772719837354,-0.21716348733765167
1978-04-01,0.45789011692664117,-0.6577227676535569,0.2051257345989033,0.11092186185138991,0.38931913350547076,-0.38127499145829774
1978-05-01,0.5889205400024983,-0.2761701003971324,0.1794812789281975,-0.14659367700480563,0.19146242065264338,-0.2546297227130775
1978-06-01,0.7051443147274037,-0.281459907640601,0.34717428547387463,-0.019853764788448313,0.0965965480091083,0.08804031994723031
1978-07-01,0.6083992570153215,0.08199512771670925,0.29899176270832745,-0.20462033963301662,-0.051528268916521874,-0.05740049692885725
1978-08-01,0.2769800256900381,-0.42814407764255036,0.19149879482731091,-0.3948690981970771,0.19294162452071456,0.05338346742451775
1978-09-01,0.42576921308371435,-0.27349361159822816,0.161509012790126,0.06880390530942279,0.11181873573314408,-0.01057927250379059
1978-10-01,0.478874282138441,-0.16960717982826412,0.3951218647405994,0.1805437827733003,0.16059784085407605,0.2875226381366665
1978-11-01,0.5679722341976835,0.059801461285086455,0.6990144591040939,0.21721061787069768,0.2294694167327247,0.1639346966988034
1978-12-01,0.35918410260261974,-0.1954845929225797,0.44518352390117855,-0.0612167538965383,0.17621185978355358,0.06312247793197251
1979-01-01,0.24064355920148936,-0.15964262221398506,0.1789429660124412,-0.059437027469518795,-0.17856226174568596,0.14848752180389835
1979-02-01,0.13325958852563857,-0.15751276679829673,0.35495213906118034,0.01932855873560288,-0.15534082265975585,0.39100429772562045
1979-03-01,0.20798088469668327,-0.37606516081139824,0.2927635605407224,-0.056606923174258805,0.1808064053152145,0.12971340616438076
1979-04-01,0.47128848267205314,0.0542754921620975,0.06761690145775368,-0.5092307057912224,-0.3809716624528848,0.16705437587398933
1979-05-01,0.18032795116187536,-0.3271025033678908,0.41862123660471084,0.17622125502968888,0.21047218836501147,0.6154861941113168
1979-06-01,0.16231981701652404,-0.32332069125522467,0.4484493642769749,-0.45195739724505785,-0.1643844172017693,0.007874572843859937
1979-07-01,0.1705775768295749,-0.15937376831524236,0.3520527550166693,-0.2094926868933143,-0.0977305533034941,0.024908868896019305
1979-08-01,0.15739758413927057,-0.04947418093504087,0.20593513175040476,-0.48983452122958165,0.11899266397877356,0.40673204748878755
1979-09-01,0.14628055166911286,-0.11270954318318782,0.29549191591730584,0.06255438291885879,0.4692616630581167,0.7616807888417377
1979-10-01,0.19118447801646826,0.28261424341954466,0.6890487833266877,0.4124234142885735,0.6741722334056688,0.6926965962296553
1979-11-01,-0.028672984658084995,0.1323055656280204,0.42919222294378667,0.08660599185703141,-0.04136447114642189,1.0378024166289213
1979-12-01,-0.41105116156260757,-0.39513292917353265,0.39716161369968606,-0.23662088326677008,0.04504669226782297,0.555568491411338
1980-01-01,-0.3357654951095661,-0.422756445799735,0.3090076552771687,0.17819670812451294,0.10190321702736183,0.5002419256130953
1980-02-01,-0.008316362147204492,0.6376515398613424,0.32026193411907256,0.45007696217403115,0.870464683515136,0.7535304438117587
1980-03-01,-0.12933572554765532,0.6185631203576687,0.8058997372499251,0.6442709655688112,-0.29300618595941463,0.9603080763814444
1980-04-01,-1.0899739135496773,0.3652787117790984,0.9469700464215783,-1.0825708768437046,-0.6344941697965711,0.8750424737153445
1980-05-01,-0.6980781467042089,0.1258957979707631,-0.250449908397981,-0.9530160623977683,-0.8635357696547314,0.7611100608401222
1980-06-01,-0.8157272369125563,-0.2021274510247446,-0.3856830415934482,-0.9077504786586972,-0.3949160772329083,0.6864066374587018
1980-07-01,-0.42444831768652236,0.3369268738781517,-0.48353559433424415,-0.24648502118719634,0.5773238589534622,0.4232647576103271
1980-08-01,0.14777123117299978,0.10483734016246193,-0.2397922295341181,0.6769117224554384,0.737821849570876,0.7618947392907496
1980-09-01,-0.009837478194097748,-0.00618885985802009,-0.016385030998664472,0.5899807002711732,0.9648670134053998,0.6624370687082481
1980-10-01,-0.16394928798522718,-0.1394777979413423,0.2773518876480764,0.3485354330046734,0.8650081620767804,0.39363805673541313
1980-11-01,-0.23245317409604072,-0.22198675983318458,0.5507163932516088,0.47742558490059,0.9579832636962186,0.3674320100680134
1980-12-01,-0.2820799475550441,-0.11933419387067164,1.1621724528161668,0.09010875394489556,0.3579896022518153,0.8000050896944904
1981-01-01,-0.6346443108880884,-0.7515266711425019,0.9265158284813045,-0.5244767440205084,-0.3148118355494542,0.9169978048505109
1981-02-01,-0.14930992732453985,0.2259800636700841,0.4640707320163425,0.24200153859338513,-0.16796459503820255,0.9065466580739359
1981-03-01,-0.538354162628426,-0.109655141221219,0.3986030446773293,-0.3798938173142441,-0.07116675136101668,0.5614635595853803
1981-04-01,-0.15091871133936344,0.20486522485355763,0.5010815244335663,-0.004428604385810331,0.45201536270853754,-0.18833733276784798
1981-05-01,-0.396479198706592,0.12493460477524293,0.6875949632622382,0.5058859337906074,0.4618259679984033,0.47656521592440376
1981-06-01,-0.9824061285294595,-0.6381148111343036,0.8414240892315624,-0.47045224592477886,-0.47917571522861435,0.8652512279983428
1981-07-01,-0.6404654621377663,-0.06455358250212491,0.792987548904894,0.47946060684508396,0.3337966936508147,0.5101596604152489
1981-08-01,-0.5616571319030181,0.47902907329365446,0.48819613902641906,0.310130578555576,0.2962524401628118,0.9910543225930564
1981-09-01,-0.3528702771356302,0.6860848240414983,0.249238306916798,0.48685927208132534,-0.7191167519454499,0.5683268494037899
1981-10-01,-0.8786790168853256,0.5066693776871702,0.04894112081545318,-0.31588573907973505,-0.5651366666377086,-0.002030380834570123
1981-11-01,-0.9921308455592982,-0.02301215338679974,-0.2598593689206654,-0.5405446273250867,-0.7460715552799093,-0.30966611680034534
1981-12-01,-0.5621228271116794,0.7074865889578934,-0.3906254086205042,-0.06604133671014403,-0.22565809901102737,0.07780404482533734
1982-01-01,-0.06504878075434983,1.332724328936048,-0.43249719456228486,0.41433607193331384,-0.13692288357814858,0.35572004120336786
1982-02-01,-1.0563455663309738,0.19062585483680394,0.17920980446103485,0.8260993225978619,0.6829559909886104,1.066211659714806
1982-03-01,-0.787688903535142,0.2901593955834244,0.11805077057925681,-0.4014390425521956,-0.5132165699019805,-0.1636627451256782
1982-04-01,-0.9013490759230391,0.15877745168158272,-0.22850574803314355,-0.1587263247361902,0.04830116765538528,0.05008121060604207
1982-05-01,-0.6999767682186192,-0.4156394242704806,-0.27042365685941283,0.12848994027489025,-0.5188249305590807,0.6665132693072261
1982-06-01,-0.5613959139561446,0.6289748035461,-0.19894138156274443,0.7036883871796209,-0.04923001501382834,0.5401931622062864
1982-07-01,-0.8150287453747503,0.5615320490108286,-0.2439406372164101,-0.3764594022581378,-0.11563156442513234,0.6274436203915947
1982-08-01,-0.7226904233160878,0.3830194303966098,-0.49560828779275845,-0.6244413995361936,-0.6849956348076978,-0.3200311732968347
1982-09-01,-0.812174766548417,-0.1909824624025201,-0.6902804322580581,-0.5788116107622878,0.04333972465158348,-0.5865268749603261
1982-10-01,-0.7850392387135138,-0.5033827543462865,-0.8330317853933389,-0.779992662147228,-0.5551315568376227,-0.007668427059725655
1982-11-01,-0.5011665365984531,0.13689704172164133,-0.4753947191259794,-0.5326220443955201,0.2270494066641541,0.22998492885982538
1982-12-01,-0.16832634183735964,0.18877263328771357,-0.33623107722677026,-0.37285327825427317,0.08771350241648396,0.10866749589939204
1983-01-01,-0.4048865126610058,-0.6255068714228692,-0.4081284708289859,0.24611326102014264,0.4650318150068944,0.0875100267447494
1983-02-01,0.22479249232553267,0.32535505169320567,-0.3206600277479475,-0.19090626514788286,0.16512590240161695,-0.18676182296601018
1983-03-01,-0.08919593837540471,-0.2349808659374867,-0.31506331527447134,0.037388411769021856,0.26616180825766744,0.11546289817529695
1983-04-01,-0.0800067721527691,-0.6067904687464862,-0.30574516573897226,0.33968149690892163,0.07301562397760683,-0.09914917056603115
1983-05-01,0.06936923621948826,-0.1842566679477561,-0.05254070274609855,-0.1324420999198883,0.3325186165006029,-0.10097925678406919
1983-06-01,0.4631064434180163,0.048942162663660124,0.009971825872122156,0.15220474420489033,0.5243895874030386,-0.2814548563392322
1983-07-01,0.4206043541847798,-0.22822761836299021,0.0222941950889952,0.3897946574157694,0.46378693579692803,-0.029686266435451313
1983-08-01,0.35075204869654963,0.19534543678292135,-0.020656849816276773,0.29793288720933114,0.2673713609452528,-0.15658941661082068
1983-09-01,0.17387521359685043,-0.4283431827750059,0.24549125914174835,0.12918446725578947,0.07638924226503654,-0.1968218012792799
1983-10-01,0.334754742142423,-0.30793241239204167,0.10978062723582147,-0.09294266296889099,-0.04230374132465523,-0.8041697501468135
1983-11-01,0.5133937665768673,-0.023191355948895598,0.1296777865468849,0.06678680532282419,0.050514661130791685,-0.40350012101853416
1983-12-01,0.4800356572348668,-0.019906747748528852,0.07383094682269273,0.0798236625649669,0.08799913071372872,-0.27485029325009475
1984-01-01,0.21162171176621725,-0.7760830573925959,-0.039804926339320215,0.3073581632594137,0.12618710416754575,-0.24766218799634382
1984-02-01,0.8358938476191378,-0.05238083057328294,0.38381283574104075,0.042846833640938095,-0.13576012046860753,-0.35749601278288556
1984-03-01,0.4930256697541697,0.2596605428722409,0.13374031706947612,0.12516624926198253,0.3133117290378901,-0.4383968126009155
1984-04-01,0.517806242576861,-0.025195763247541136,0.08843175909069018,0.15340254730280667,0.09644984877244447,-0.11534101449659813
1984-05-01,0.6497458102671927,0.3378554179262309,0.06165870404150195,0.20518435843455696,0.2681234506406486,-0.09327261721114856
1984-06-01,0.6164950638435195,-0.004291557348472683,0.12291847441939527,0.1030121226418982,0.04093651232086649,-0.10633298107069708
1984-07-01,0.3775417616252181,-0.06813926758316427,0.10437836828942652,0.06774568088404889,-0.1976791064620553,-0.1283336532420127
1984-08-01,0.061387617133256106,-0.3901910927029726,0.006982586577246125,-0.4227122008642217,-0.05588981529272895,-0.17458029394466906
1984-09-01,0.30307093857372885,-0.11339843405792237,0.10384686881580074,-0.30224079078185545,-0.2448756524806369,-0.07439379457202237
1984-10-01,0.12717081962078844,-0.17780415258774743,-0.04785342842495338,-0.09671716391406446,-0.4184441678038151,-0.09120460405587175
1984-11-01,0.07785309305129015,-0.3540431530666558,0.00802671041811305,-0.5361244511080131,-0.3198197130627165,-0.4708249433590285
1984-12-01,0.12724734315991532,-0.017977089576684868,-0.2240248059856811,-0.11001710873087263,-0.19938632834596873,-0.5849271154636535
1985-01-01,0.33846381018919824,-0.21401866790862256,-0.3301741563760986,-0.2669458951221533,-0.16412077024579835,-0.37763316707248684
1985-02-01,0.29562127740910016,-0.08112071700800463,-0.431776123424163,0.01150738715259448,0.1842365090887218,-0.03580663005290069
1985-03-01,0.5545004278771883,0.21735202391450725,-0.12112741239256311,0.17990880110071486,0.2158504883458431,0.19492112116689453
1985-04-01,0.36788889857349755,-0.03527723881881932,-0.1957475207426624,-0.5275743510323377,-0.40559315869119683,-0.12670393833230492
1985-05-01,0.1487914273899851,-0.2504942534591853,-0.2090516289022869,-0.5084254035261816,-0.15026306407595683,-0.39827793651645504
1985-06-01,0.0934715313517051,-0.3795359809297707,-0.2898100597696579,-0.4689871873306085,-0.3493935753703597,-0.40802114762292174
1985-07-01,0.3174123733538598,0.02190050262109447,-0.2391720611990067,-0.28548775440355906,0.007116772418028043,-0.2963144566093931
1985-08-01,0.3417677476686447,-0.02620025906645229,-0.08790936295823693,-0.07322426418230654,0.18264540647673813,0.16171843945083222
1985-09-01,0.3412973960197462,-0.09798723083098157,-0.16458482808211117,-0.08497268034650807,0.07332200519767088,-0.04601197102062112
1985-10-01,0.3935351179139578,-0.15793249879522003,-0.17070913298759927,-0.18024107856999277,-0.25353201541307757,0.009293228738967653
1985-11-01,0.027169542821362302,-0.4506359578332345,-0.2234266188622199,-0.22657206234043875,0.08941303598935055,0.03276370518788925
1985-12-01,-0.020004275225878387,-0.4383442020028292,-0.07161776803028859,-0.3867233169268924,0.18432971161112888,-0.05742468910108245
1986-01-01,0.08724497424324866,-0.19836842378534977,0.019963001580364848,-0.1787569030536952,0.3588233470145802,-0.034278560125808794
1986-02-01,0.1620004313603342,0.1999639561471326,0.04825614520794576,-0.903470500384884,0.13418275598335286,-0.007460277496334988
1986-03-01,0.05246901799062646,-0.23759083531374792,-0.009335043793261,-0.9865592484917687,-0.10623743125995261,-0.06184329587942363
1986-04-01,0.12134530218429741,-0.6153681848260981,-0.16725265941474998,-0.37272887537947036,-0.13896299034719423,-0.16244912798263483
1986-05-01,0.32429949108733697,-0.4952348745072525,-0.408862969565012,0.33472469260417115,-0.14719943440075015,0.04366443108373499
1986-06-01,0.1824988950371291,-0.09338075301009141,-0.34002418210697716,-0.1967083891886196,0.13748598828129227,0.5411018815857785
1986-07-01,0.10576762622645952,-0.04060074652002836,0.18167621485481925,-0.45994312456915026,0.05075383918518786,0.3745962065387439
1986-08-01,0.13448538459429438,-0.2783376264951155,-0.20469084458257852,-0.22341788591035858,-0.11297133766208395,-0.40207815347731574
1986-09-01,0.2306777893721216,-0.24853756531906618,-0.18330317132376286,0.08597239103563789,-0.06022758046720811,0.022862274586824365
1986-10-01,0.17979817630030115,0.1265259397311453,0.001836776903993781,-0.20492533890122924,0.08313312111310758,-0.009596862440282121
1986-11-01,0.0750536987874429,-0.1819993350217553,-0.15974729622903017,-0.07368981995207,0.10605857123947754,-0.15740790339209973
1986-12-01,0.05050567992339122,-0.5236586504325579,-0.02878996404572748,-0.11167797035824811,0.42107028963986204,0.03648486029363061
1987-01-01,0.2755688701476857,-0.3509646924116683,-0.18505790200943345,-0.17231461830145714,-0.3640279686174876,0.16603553808941984
1987-02-01,-0.0316335559237676,-0.2251952465754288,0.01596681631548002,-0.017624815667349497,0.6226947658029242,0.3169397112689758
1987-03-01,0.23374049685923362,-0.07900404375720038,-0.02164268640719978,-0.296170914773679,0.19990718267138263,-0.1627258592475597
1987-04-01,0.39427476226067815,0.0379471260708501,0.0037971257232743347,0.2760327697413648,0.1787151659106963,0.004419971634403181
1987-05-01,0.21786183031384337,0.20415110784297724,0.10913632494749667,0.20797924759860237,0.3512027986151816,0.13735806673066608
1987-06-01,0.05246663255229844,-0.2367877938768516,-0.14790057610045967,-0.015196051581498823,0.0189998864170943,0.013441343520680323
1987-07-01,0.08767056829303685,-0.1043393253584947,0.05162163043399725,-0.06772974791033883,0.16560810741844662,-0.027580776815385604
1987-08-01,0.13414734713253632,-0.18908410533307946,-0.20067250590094027,0.1635728910126704,0.3195842517595221,-0.24125367768955475
1987-09-01,0.4158759904922278,0.33215489642151286,0.10254397975295398,0.2613275441173996,0.25208590607746884,0.0919603837466634
1987-10-01,0.20836754111149142,0.23675895432496102,0.3890182573718184,0.5697578144188387,-0.1474382758527914,-0.018817846671376703
1987-11-01,0.17866520041336933,0.07294187675663331,0.24088289598641588,0.08355392436312262,-0.7560408789925895,-0.6013184005173264
1987-12-01,0.0018002158794338963,0.22501503907794473,0.0724657384789689,0.18544301901797872,0.062095400021235925,-0.6886377537648565
1988-01-01,-0.14962023272829436,-0.12061750913704923,-0.24437920279057487,-0.07337086024186729,-0.24475882542937646,-0.33110048849778917
1988-02-01,-0.02313347131064261,-0.18710754065032015,0.08578129668268111,-0.2743506587981982,-0.08752411197223897,-0.09039134737184346
1988-03-01,0.2106793795004088,-0.2502480840989681,-0.11429453121373535,0.004691406068808517,-0.002465032302447394,-0.3902533346735381
1988-04-01,0.2551348720760654,-0.12464683507701271,-0.03562569407623184,0.39187969059797123,0.061046956978113714,0.02386713438437346
1988-05-01,0.31153507152141874,0.4794212263268758,0.1500025791055138,-0.014716952017902046,0.06816813204510316,0.06306058539555104
1988-06-01,0.18922105987677434,-0.25747041176971025,0.0038063683914531243,-0.03885071209822061,0.022540107848529452,-0.041136324991968995
1988-07-01,0.26528244067175855,0.04208713528861688,0.042226341894963444,0.11104599714764841,-0.10245625140706086,0.02343160612308149
1988-08-01,0.13154274061959964,0.2938560228595581,0.15001159100578715,0.08153810641010115,0.18577807137272384,0.1513715872657623
1988-09-01,0.08598649185841531,-0.1898425401998345,0.05174353819765499,-0.08424622905088755,-0.18756797883437096,0.045678453905374124
1988-10-01,-0.006042642953345299,-0.23747949031828902,0.12391303339501966,-0.2530459958651979,0.19900561811192802,0.02528566517010366
1988-11-01,0.30832939054606656,0.05629265953946874,0.21000472208375953,0.09356462792798105,-0.01245010540916655,-0.09181066667302185
1988-12-01,0.1363096894254716,-0.06497964620115108,0.09890794849659856,0.1374955657473218,0.22659087466645947,0.03414845208402369
1989-01-01,0.13196694604505024,-0.29751881589384116,0.12734701618104133,0.06723751686260251,0.02322411160452153,0.16742015391976245
1989-02-01,0.2551430557281009,0.16652099194605785,0.2729285377510687,-0.2223438347752882,-0.14197177440390996,0.11498890415695247
1989-03-01,0.06182504214287475,0.048358164562764414,0.24354012197880243,0.19807660561337295,-0.055841309265571556,0.1711106520572357
1989-04-01,-0.10558120469231583,-0.4131295831719223,0.01766987108246104,0.04067905234421552,-0.19047095599662434,0.2801855077750775
1989-05-01,-0.07345106363095145,0.12135664523870135,0.301856000020818,-0.6204596466819201,-0.13407874082812982,0.28575550088362045
1989-06-01,-0.28615937809211084,-0.1615463024136537,0.3246811840179634,-0.5441669948025645,-0.10545977865699399,0.12074704217529288
1989-07-01,0.005887492642248082,-0.12552118538129287,0.13492642213342784,-0.6022740202072175,-0.42280469551418465,-0.0018308982897539162
1989-08-01,-0.38270195777159377,-0.09256254824755819,0.1921314374366327,-0.08158983578203854,0.5938973669964094,0.37673343692815936
1989-09-01,-0.10173950710697689,-0.1310477871428045,0.008164598536766599,0.05051131141693237,-0.18458187391139383,0.11624533333288607
1989-10-01,-0.10028234290177025,-0.19405182722911002,0.035324928339944134,-0.07757630930006244,-0.2845365964111763,0.4474774523206881
1989-11-01,-0.1945802134509607,0.08161927429085415,0.2745829067126184,-0.10918988595030811,0.011268930566503875,0.30286464520922396
1989-12-01,-0.3670180526382496,-0.18182104950580324,-0.023344649229734643,0.018067532456988347,0.192153696470596,-0.04059008386857882
1990-01-01,0.49677788321068544,-0.3504912828094963,-0.06419208082806187,0.2804440206505181,-0.5629551351998652,0.21857345227308475
1990-02-01,-0.1745183683329771,0.43222555176772615,0.4201346968398959,-0.017266197138150075,0.5585761453549577,0.47462012545185006
1990-03-01,-0.24079385220709043,0.08826383454153786,0.009883260050117054,0.12680725631003403,0.29220415584115117,-0.29679366671251756
1990-04-01,-0.12755602218550022,0.3395467428038156,0.01182954419275787,-0.03723574873112992,-0.15169172968956027,0.028697669484908216
1990-05-01,-0.3311531018693638,0.12784052691112963,-0.04502519643169324,0.03501865192575222,-0.013266652169993454,0.09480585132919991
1990-06-01,-0.4610037829729741,-0.261750587326977,-0.21611039079484243,0.15857518560866884,-0.09691987714630837,-0.013317902037465286
1990-07-01,-0.3037584932354653,0.22520751165497976,-0.05602110168603627,-0.11537454366735471,-0.13633656287981805,0.14224718707539494
1990-08-01,-0.34247147771585457,0.06738064035166363,-0.16906473330202354,0.5574422429221269,-0.39231910241234735,0.12399306624948078
1990-09-01,-0.5247899496352055,0.42529580232704184,-0.044954423772868,0.26643099381436386,-0.1211241133604477,0.24779881736059944
1990-10-01,-0.3902354180629418,0.4665654473578299,-0.009876951141719676,-0.013108888300545553,-0.4439244344597766,0.10707178926393883
1990-11-01,-0.44612078698576385,0.6999134188989511,-0.03327035213674144,-0.599318053475113,-0.19432606840013045,0.11644217970809287
1990-12-01,-0.5824360004050322,0.23841498885874796,-0.24225303223830402,-0.13955706969504933,-0.2922641578305211,0.08075577872274445
1991-01-01,-0.6754992777785522,0.39633675825642034,-0.23152444038334424,0.13189940911181608,-0.4334036078300668,0.05576724197726623
1991-02-01,-0.7965484328357781,0.36374004512986335,-0.47842995276486855,-0.5265336575754477,0.07976276737195376,0.06310591406406177
1991-03-01,-0.5633114459077897,0.44131962583371875,-0.4869371736927578,0.10516029936185353,0.0021315091446473255,0.04744980862177865
1991-04-01,-0.6380324980542352,-0.008108237300390897,-0.5700555357243572,0.29427690568855763,-0.0553639116292519,0.2411982333047262
1991-05-01,-0.6693989503477935,0.10224504063593445,-0.4336308978558382,0.3878133762339223,0.12221857683468984,0.06558594500461928
1991-06-01,-0.6274441255421177,0.42064364908267005,-0.23781920196180514,0.39985383090445237,0.31672375462903835,-0.09709505485996867
1991-07-01,-0.4388331928710626,0.3312811685351087,-0.2761536036424787,0.1634923914945138,0.03859177283054857,-0.20839430658768174
1991-08-01,-0.4575335287257793,0.009756915152177997,-0.3407651510005748,0.08075038139619008,-0.3677198142212096,-0.2069107402234903
1991-09-01,-0.614324202443562,0.12459407312810948,-0.224676936655962,0.3055112289995894,-0.016743178289196997,-0.23573237903721872
1991-10-01,-0.3784879388190203,0.38319115506681745,-0.2213204306712322,-0.009271463658619472,-0.2292877260983055,-0.3600645393951232
1991-11-01,-0.41851282861747174,0.09674779278216854,-0.43215966569587294,0.1796538589645981,-0.3876099235449748,-0.22743251015076543
1991-12-01,-0.3423212963245418,0.310374456577613,-0.26711996108979097,-0.22481126817123429,-0.35193422853849216,-0.1120377472119751
1992-01-01,-0.30305748810158434,0.25266544503136285,-0.4726069013777884,-0.41169787453934886,0.059056330026221765,-0.2295468751674627
1992-02-01,-0.3157942559456879,0.07300853013955774,-0.45440093656050656,0.4403265840349014,0.1711935344067471,-0.0527372750233132
1992-03-01,-0.268920196774623,0.24875763067243076,-0.39428472138346254,0.48409260543210525,0.2229611165461335,-0.038160524812574426
1992-04-01,-0.3698453144599442,0.22264418096235314,-0.2968539499777944,0.23253205701584276,-0.055608841638787765,-0.1921648905280018
1992-05-01,-0.3575637760283836,0.1439152794994601,-0.36924416241787483,0.1772168488412745,-0.009239413525595278,-0.5013155279162529
1992-06-01,-0.19452017825026566,0.2614403375938661,-0.3446911874356096,0.19342943279867125,-0.25785317555346776,-0.3155238499109397
1992-07-01,-0.5196593350146069,0.02407311913339616,-0.35419527409444446,0.06210694160111056,-0.07716829249957555,-0.23517087646795165
1992-08-01,-0.1463110421825299,0.27046378178752334,-0.33575349954189493,-0.08253457925779194,-0.256081476592626,-0.5614680485631321
1992-09-01,-0.22693053362911164,0.17008482658761895,-0.3184172064050115,0.02292908711117181,-0.1563034119694252,-0.21466411101766458
1992-10-01,-0.22978780655549455,0.15077387436740985,-0.35332110384366044,0.45071772286089007,0.0953172700829081,-0.2314899968277439
1992-11-01,-0.09209550604587943,0.41340692187861955,-0.31784615819473216,0.2677265637319471,0.22508175538402214,-0.1724768139878328
1992-12-01,-0.09643673698920732,0.1989468560279422,-0.34318125129883026,0.06778081649138637,-0.005314743622022784,-0.1937186099967625
1993-01-01,-0.0883985665622216,0.05106540169293038,-0.23153716322761325,0.24619291968896978,-0.25536573986541433,-0.4072251050769467
1993-02-01,-0.07877720991171361,0.07247997899204514,-0.19261376880114142,0.06294889604165313,-0.21595618618761994,-0.4757362675888405
1993-03-01,-0.17612000216593302,0.3012768789279976,-0.2516564503892102,-0.03106760646493273,-0.200534282579943,-0.437378462562257
1993-04-01,-0.011414478693491617,0.06562783582545723,-0.19165028642414406,0.22551587528238942,-0.26085645332215496,-0.21991037714628453
1993-05-01,0.07950851146799424,0.25073967582243883,-0.19324007453987802,-0.014148031670771569,-0.11513761086414535,-0.28154671170165135
1993-06-01,0.02298483865766362,0.31734420108259326,-0.16006487257724247,-0.046178583789478325,0.0008449447176167302,-0.1799360129387183
1993-07-01,-0.0264900556902635,0.03659990534904038,-0.17483320691413742,0.15302392076589555,-0.187277323015182,-0.24255655520813163
1993-08-01,0.03987923452228165,0.02883192042052671,-0.26647490006089664,-0.032926030467505876,-0.19372222015293988,-0.2594693866426926
1993-09-01,-0.06688921481772019,0.02169885394232768,-0.04643536289746153,-0.027192337026617865,-0.029349965894735507,-0.14365770568820574
1993-10-01,-0.021795805839570997,-0.22699803389109008,-0.2742863251882619,0.4207806189375692,-0.11098242643785791,-0.390085183840122
1993-11-01,0.112471167188019,0.3611934484328275,-0.05142251252441936,0.13211655315198834,0.19761525875703956,-0.12211732139616936
1993-12-01,0.1491824049001063,0.08819743224343463,-0.06348176764230909,0.04967095282331829,0.07942758968296858,-0.24779972546325602
1994-01-01,0.04700414558879504,0.09462130662483617,-0.15672245551858308,0.04088128990690681,-0.056732847991824695,-0.40234118807538993
1994-02-01,0.16186354044009726,0.1526667893159318,-0.242180391627492,0.26483309540228517,-0.042074688967751475,-0.23349053002620773
1994-03-01,0.2546918341959082,0.14579446680869335,-0.06783156026828813,0.48482677456479617,0.2532225311400226,0.025314118225122938
1994-04-01,0.3387648647152991,0.3938919856819714,-0.022398646970529457,0.4025105472592515,0.09801205305362731,-0.30651741292722606
1994-05-01,0.35602562617306643,0.1698993769904772,-0.10590516853627988,0.3021754252810664,0.030133059795019762,-0.32980304963749896
1994-06-01,0.17927370639279033,-0.05094551840296566,-0.14031631029910763,0.22575256818952227,-0.19179072194934388,-0.26585700846532906
1994-07-01,0.32189358032078286,0.1954405900663199,-0.10385968004638214,0.21368002913886763,-0.16261921690966114,-0.2938637000996587
1994-08-01,0.08643193570214334,-0.01568491291977578,-0.10950338451141084,0.18163281893123998,0.06028580498940793,-0.2649003974524149
1994-09-01,0.3177063704860643,0.27589704495244766,0.023493113570839247,0.0034907595879307,0.09851670724908512,-0.3499656718378953
1994-10-01,0.1642404891721531,0.20695551004311147,-0.11743529201695391,0.3489482645603005,0.24330547878814432,-0.24976761594048705
1994-11-01,0.3288136468054268,0.06030245115096235,-0.04184592378365473,0.3985290729085741,-0.06348344607723405,-0.28403493968241894
1994-12-01,0.21690498718919637,0.1293822918791946,0.01978520378446213,0.3220021020084841,0.04563787082163827,-0.23457577624230486
1995-01-01,0.18211118101199839,0.12070570767874059,-0.06941353150285823,0.10826145956825972,-0.23923677607636468,-0.4121935339509845
1995-02-01,0.026465684634693204,0.016565999991813712,-0.07834016348833732,-0.13792446209519915,-0.28767986820776326,-0.33533663769313987
1995-03-01,-0.09241508520862893,0.02591157555406537,0.00901448149152595,-0.08617297966582332,-0.20019216993553737,-0.17144547898454562
1995-04-01,-0.03692483200483621,-0.06114275421433524,-0.12576612058987063,-0.046696816425279536,-0.3295902717703051,-0.23670429884520378
1995-05-01,-0.32133682579639916,0.01729520833124534,-0.0006357984794215094,-0.2057085434294711,0.024452122788783184,0.0837935695903498
1995-06-01,-0.2633667788428662,-0.21377067566082647,0.06546202540908544,-0.14415438168756284,-0.12477760990534117,-0.1530908133161519
1995-07-01,0.019120098642695635,0.129889738102594,-0.04395665057687054,-0.23253437959806597,-0.0559401463381925,-0.1406875872906642
1995-08-01,-0.2187535872383487,-0.09272796842926852,0.006135653152685314,0.36485393001928645,0.31040739133552503,0.21339773089957256
1995-09-01,-0.17000072349685919,-0.14545672424843137,0.06119853700996121,-0.08819387737370796,0.05573664964291472,-0.06598874823260464
1995-10-01,0.0906365545719982,-0.019484935162999872,0.018494460134181056,-0.07438455507728939,-0.3156945845891556,-0.12241891746924141
1995-11-01,-0.1151203382699906,0.03709824541918318,0.075338612417501,-0.20349373317252992,0.08455194794635638,0.09664206744300413
1995-12-01,-0.18217272363040726,-0.28664789948200314,-0.11694168927654722,-0.039506696399381674,0.04400995246856061,-0.0013227359394165517
1996-01-01,0.03441698406948621,-0.008959779091326375,-0.1371826530992144,-0.1228062256208972,-0.35479712949069653,0.06659776610394372
1996-02-01,-0.237521500018339,-0.12868632240474281,0.1783269164120358,0.02513092849149287,0.4353395004559051,0.3837792550623407
1996-03-01,0.18840882238924234,0.11872477083069305,-0.09792695080792857,0.17890373608448823,-0.01547809764585939,-0.2948224169881247
1996-04-01,-0.09642482484807549,-0.01674649992897209,-0.057028860608724224,0.295442902450224,0.3230586209741781,0.29513495797105116
1996-05-01,0.010927955304912085,0.13443841679257457,0.0546904233802076,0.04471950401825352,0.22963067440500134,-0.0813207872128012
1996-06-01,0.04424629334510731,0.060070434698145894,0.0018585718188649115,0.13302420828224254,0.23209233323659306,-0.20132660296431892
1996-07-01,0.20965909970190602,0.11600606234365954,0.04012375667047216,0.09920637908509626,-0.26907612262006253,-0.215202979033275
1996-08-01,0.04598558311293873,-0.0818973201276482,-0.050098371435361326,-0.10279552060710435,-0.07047356018417383,-0.1262603672502394
1996-09-01,0.008720178956605054,-0.11959979552481925,-0.1674879949559032,0.3010066659565643,0.12727880515125267,-0.20297882556230346
1996-10-01,0.07041848133940293,-0.06809075333282323,-0.05842098644898668,-0.2295043660740988,-0.21656801596824676,-0.0004943274488774987
1996-11-01,-0.15537990815989935,-0.29270312986533276,-0.02709513524467555,-0.059734950537339286,0.12962033963863476,-0.13878630070206366
1996-12-01,-0.10446344363758564,0.042253573170199316,0.00342435915789132,0.14611544565670487,0.08228471113531532,-0.2069190676062475
1997-01-01,0.020218389434837943,0.1817277818724164,-0.05802766327409964,-0.009407192585975027,0.14285236779580401,-0.09950229110659962
1997-02-01,-0.1432642238847746,-0.2088263267823891,-0.03155767888724071,0.08522440073130141,0.29352989048540024,0.038067771559112784
1997-03-01,0.07142712039377509,0.15872154146317308,0.09424381011797628,0.1918672144995442,0.2146799555354456,-0.23831996044943976
1997-04-01,0.27504857262459886,0.23736303906923595,0.06573638401565085,0.13326438879563396,-0.18011349320451034,-0.14185900983783808
1997-05-01,-0.1189779903327654,-0.17818211311147913,-0.08397125979455766,-0.12923884000727484,0.137234290211612,-0.04162465611574864
1997-06-01,-0.03626851504973755,-0.2952651455844045,-0.08215761292528834,-0.04496653085091204,-0.059835674878199054,-0.17079330718690625
1997-07-01,-0.15963317607425448,-0.24001758542260676,-0.01676471454719477,-0.12012100752858092,0.19497674531384168,-0.045863448876512836
1997-08-01,-0.15941384554660196,-0.1671011457025816,-0.049613495609330524,0.31403026251256555,0.1508212167573046,-0.14184513989151457
1997-09-01,-0.022913011196183854,-0.17328946525569455,0.10207549730751223,0.11137178650891252,0.038785231969875704,-0.04290948871861462
1997-10-01,-0.09934491835315665,-0.10075058190938871,0.1659257236795343,0.037138578192029835,0.12207801979051769,-0.19588275404916486
1997-11-01,0.05492603216429147,-0.06541961200029835,0.2268909622686037,0.016811499645541406,0.0677511466160606,-0.2657813192951948
1997-12-01,0.0474338856247376,-0.028901179217709003,0.10486413466281286,-0.026383352101074523,0.010217497702474598,-0.22880214123264941
1998-01-01,-0.02258870979791125,-0.19423033294626596,0.16674182217770106,-0.08267297964253763,-0.07542739588444386,-0.08424404972032902
1998-02-01,0.04674154248599977,-0.12587604783522613,0.01351639819322023,-0.20498088681712073,0.15619751830760403,-0.12264493607476475
1998-03-01,0.07449773895507815,-0.06763134548029866,-0.03308493233209164,-0.18576446538689603,0.09982410665949457,0.11010412500326767
1998-04-01,0.08849058573608834,-0.27958960768675784,-0.020911450108735477,0.005053865048414319,0.0252487937871025,0.1677038796765028
1998-05-01,0.09187839922735055,-0.1810225690302232,0.06122837478899034,0.09400113554244548,-0.009574574206348788,0.09876214284097386
1998-06-01,0.22249850352253286,0.14134935786518812,0.1309460384787575,-0.3787405309348706,-0.18414960421833876,0.04276643046821906
1998-07-01,0.16457208191174938,-0.13629083496961042,-0.14328851565042372,-0.29218823523414406,-0.12319721758232846,0.15676115193178125
1998-08-01,-0.3123731656252493,-0.22980356313682115,0.3068840377541384,0.36933318541212723,0.4114928530119363,0.33373285222224897
1998-09-01,0.01085492394158378,0.0017650608682385494,0.2676249177386439,-0.3544704731929719,-0.32938980145350105,-0.39588538006423196
1998-10-01,-0.175364551894169,-0.5026263691506085,-0.018923627549390837,-0.05564303994430007,-0.11780716452587409,-0.108948585665582
1998-11-01,0.1068057911013889,-0.02179646686047778,-0.10293394202701625,-0.2999399407202229,0.452692251866359,0.061875320289442585
1998-12-01,0.2048608105857209,-0.32018070383521835,-0.01946615453854513,-0.14316389288893971,0.004347855473213008,0.29578719102185375
1999-01-01,0.08872492990683907,-0.2387221458258959,-0.14296542577590018,-0.14433179594154927,0.22430404955233105,0.02865723797004406
1999-02-01,0.11269390376741295,0.11941651857062412,0.15230780860018944,-0.10002985290060086,0.3772317965035369,0.16998769096015703
1999-03-01,0.18605482439384696,-0.10489745234668715,-0.15839060721954562,0.03886945754817511,0.01733577232127255,-0.05646833623570501
1999-04-01,0.12644737371925896,-0.5261013341121757,-0.2794302360813856,0.19915922789384535,-0.2756407660217749,0.2913849688585337
1999-05-01,0.05341454831616284,0.3994979211654477,0.19941938636480305,-0.2383372687916683,0.5932669585180579,0.2558829432227061
1999-06-01,0.29376858354026847,0.26291520099268795,-0.07861195643842706,-0.0008564637709958661,0.04995823305101937,-0.19012801015271555
1999-07-01,0.17690408696129084,-0.43324744348333843,-0.16202856696573664,0.05461895069669696,-0.10499624867497048,0.14694557475482692
1999-08-01,0.16515065175576948,0.10467427432981022,0.05550757223757906,0.1056963776235876,0.13475368951562455,0.08974290005888819
1999-09-01,0.23404951407841373,0.003022807403256611,-0.07702195912633827,-0.06803056920840317,-0.262078321480546,-0.03531387870545952
1999-10-01,-0.05035964831192878,0.11918286263580846,0.13772075225866556,0.14578039118851205,0.48216087400107305,0.14883758099284677
1999-11-01,0.10021727412000543,-0.15287446937406182,-0.010691451704166502,-0.16650892478825935,0.1806881727506072,-0.2558207249112368
1999-12-01,0.16186707695791092,-0.2188392841707529,-0.12907806053690846,0.20121503736656154,0.1802838987807956,-0.04989383888862478
2000-01-01,0.4022675401834767,0.12023191175634568,-0.0008994072626078223,-0.05856430072559157,0.08367955353595966,0.06684353584267796
2000-02-01,0.26383328744292933,-0.07928250332029002,-0.033077140427381996,0.18080185243571323,-0.13499242616453017,0.05296608920893883
2000-03-01,0.12793305456440168,-0.2691684512908641,-0.047948683977640565,0.05896016542476233,-0.04346448483604698,0.05555803215018803
2000-04-01,-0.018562803483490736,0.33966117898658144,0.38499752291733214,-0.49632467171804795,0.4214793535754022,-0.0194808326695625
2000-05-01,0.07104888622950371,0.19223466131004302,-0.04750020236343189,0.39660155543198117,-0.05927662951305106,-0.4284449176665178
2000-06-01,-0.030615277922819796,-0.5333194566350373,-0.1423236387845811,0.0413938521044355,-0.29154337335729036,0.32405097850036135
2000-07-01,-0.0775076899727886,0.23628963833598582,0.19923157711990613,-0.3354647642332322,0.133315393797303,0.2631308045827034
2000-08-01,0.010377363355728607,0.2930916665396803,0.1440341805102166,-0.418537504692279,0.02830468559520847,0.007595528595555685
2000-09-01,-0.06646808550539428,-0.5786881576161437,-0.2275098927022986,0.38133390874255657,-0.1861000640812367,0.1516586619806653
2000-10-01,0.09132646569822185,0.4747016949426935,0.3292386465041372,-0.3976067430456386,-0.01744713115628707,0.4066795588167556
2000-11-01,0.05629107005458306,-0.0262021853624667,0.06975199228546945,-0.0513876893659991,-0.13589701530326515,-0.018535539677664477
2000-12-01,-0.07705392592009644,-0.14371389197117568,0.08813852896167469,-0.3326652736133003,-0.3053655713915223,0.18021626924022174
2001-01-01,-0.12801363529389287,-0.35427769166224404,-0.17929845027086308,-0.3178999312632744,-0.3431896592623438,0.10475529487541446
2001-02-01,-0.0005461072948999973,0.23096617609660952,0.03895814694964271,-0.45634512937973887,-0.045670061931067096,0.3620285566722771
2001-03-01,-0.12342942152580484,0.2834417641575744,0.13782286224021245,-0.30549020213364114,-0.19030956059978704,0.16018114195853583
2001-04-01,-0.19195569269754012,-0.0618021426865732,-0.4195779099978114,-0.053670700636663696,-0.15939453366394377,0.03470787675917597
2001-05-01,-0.1310905563927077,-0.11632653815151012,-0.5772326177273188,-0.18686449306925323,0.010887566174088759,0.500538893164198
2001-06-01,-0.11394370006144133,0.3974042125236298,-0.24048053167025743,-0.471856464732407,0.06927314558192617,0.47528645908702066
2001-07-01,-0.04412872661432246,0.49558594127012534,-0.2347558348442103,-0.4641669226683009,0.18474187637900796,0.1251882577022916
2001-08-01,-0.13373185103159882,-0.05120070100379532,-0.5401837169369386,-0.10126093883279011,-0.19668975912359993,0.07745181324261907
2001-09-01,-0.03307934358319492,0.05130134050629382,-0.489916349335105,0.03836136490682873,-0.7202461862522609,0.2564445676003607
2001-10-01,-0.475853063910034,0.4683576932034982,-0.4309772941244864,-0.8290031315952031,0.5508247110152992,0.19815418877044055
2001-11-01,-0.21016235172533626,-0.03772857472891829,-0.8654357377098426,-0.30642789846487123,0.13784369560097895,-0.051248483996391536
2001-12-01,-0.15877107914025393,0.15041980863017687,-0.7549844359431137,-0.0699920850428749,0.27090532053655747,0.3482975776288854
2002-01-01,-0.20198859617216,-0.10177298280307173,-0.7506258034364226,0.17452481025903888,0.08941250922074492,0.17608650373236973
2002-02-01,0.14732433686202143,0.1995851628402663,-0.5254536749428009,-0.07062210453582515,0.04720136951562526,0.06888446711442686
2002-03-01,-0.05608242171514865,-0.022677409986795433,-0.7456512706712483,0.2971014219588517,0.3598551074413002,0.030198504048617555
2002-04-01,-0.015056851244205402,0.1349144707666443,-0.552627888492626,0.10386905458275018,-0.012826390487860606,0.12848553750720423
2002-05-01,-0.007200385900953274,0.41668822940219863,-0.2880474679450674,-0.26438010638979426,0.3112614922175262,-0.10173026578887781
2002-06-01,-0.008884747477657919,0.02635859078026441,-0.367318683750222,0.13910600979043536,0.0015011063486547287,-0.37894457636342804
2002-07-01,0.17595497210388872,0.19645959412885547,-0.319934325452386,0.06650659812725952,-0.3628133657359689,-0.33300884890101484
2002-08-01,-0.031299863622164255,-0.05129398571365504,-0.46211376886225064,-0.21620490087533126,-0.005724025175285644,-0.14932551826510254
2002-09-01,0.13818809401020085,0.16408095320081906,-0.23004050628039965,-0.17537272408237417,-0.09937560949563526,-0.06145424935931322
2002-10-01,0.15903554167961206,0.10482967564472287,-0.3847295327683722,-0.05405363676112336,-0.030903206042434878,-0.1193152442820006
2002-11-01,-0.13971393578724914,-0.04706121106634138,-0.5027785316737565,-0.22763602874601901,0.37251705339737234,0.1392590659825872
2002-12-01,0.2723274473560352,0.23513022344252832,-0.41826214444688237,-0.28460275805792845,-0.13056646486212026,-0.05381413172269903
2003-01-01,0.07416417522947305,-0.35098765649786867,-0.559109038657923,0.2716318044135152,0.013846320524517258,0.06848659332157711
2003-02-01,0.16336686987908283,0.1439095632035608,-0.3448830503223563,0.014312163825474677,-0.21865769509253774,0.034177658620661876
2003-03-01,-0.028989578301895136,0.3598849427834938,-0.2745723491869065,-0.40837101948304516,0.26402315673135207,0.003709394277759414
2003-04-01,0.09520112335823289,0.5983942328181749,-0.2514027459928011,-0.8186695329584863,0.48107030676662155,-0.09199484882685113
2003-05-01,0.08549798286786618,-0.3778483565057894,-0.5089752686081125,-0.37259643391842967,0.015702375105629697,0.0025115982497972596
2003-06-01,0.03338823286485246,-0.6330168667315099,-0.6759658152169227,-0.029131941443434922,-0.016474056993338926,0.09858449419538383
2003-07-01,0.10184102530286672,0.09613031005011448,-0.5020292497255759,0.17637585341359127,0.41296253687609713,0.3498407893552589
2003-08-01,0.38976682468260804,0.11704357883005286,-0.4999633066661253,0.06404382149180615,0.0878568349788798,0.2721295808563726
2003-09-01,0.1164139720625648,-0.07010376500919577,-0.3050909392424203,-0.14445101719536116,0.2922015922708936,0.24660517451587585
2003-10-01,0.4026260661455716,0.2981508067418458,-0.10251830266973963,-0.5089786520950479,0.2603570325831756,-0.2421852448396526
2003-11-01,0.22614186141646136,-0.2219207996958631,-0.42913875175800315,0.08916401166632507,0.22551791799106297,-0.2552712178266922
2003-12-01,0.38884970696153814,-0.2059350715920867,-0.47336278918629426,-0.06068396550112097,-0.02927286301423568,-0.051832243081515864
2004-01-01,0.35076157703708366,-0.24850281668515561,-0.410036778766817,-0.11135457288879935,-0.03867328974590728,0.06915340898802251
2004-02-01,0.21693199674343006,0.0704827186861181,-0.18226078109721133,-0.15969306094072136,0.26254372727619324,-0.0022860251506888743
2004-03-01,0.5079091780204061,-0.0007334831598722613,-0.13488357733178985,-0.30251617880869247,-0.08666062367909994,-0.2331669381380179
2004-04-01,0.5035889012828975,0.13415929092922935,-0.1595135897826975,0.0325531295427446,0.2417851202246775,-0.17955115118242534
2004-05-01,0.573305078434843,-0.13221058295353944,-0.3250899827527227,0.44451636387030735,0.0030691700453645415,-0.083127701551358
2004-06-01,0.6011312382749817,0.3459520109866725,-0.2895933864035731,-0.2769124608964095,-0.049753261592603945,-0.0032441904944082237
2004-07-01,0.3830189863818043,0.09519198971874501,-0.0735683676980918,-0.2102567432350725,0.22026482260564267,-0.04275538662868949
2004-08-01,0.37560642157334845,-0.053287644796399664,-0.2153136500239363,-0.10887400677691768,-0.02391110058329781,-0.40260274117016354
2004-09-01,0.3473062498840105,-0.24749530581692247,-0.3738810483884708,-0.09673928794100015,0.0481579054638305,-0.13998782921773892
2004-10-01,0.33130019855999815,-0.44901880530811444,-0.3468836213559483,0.2640636765718922,0.02992203268045704,0.05752264492205464
2004-11-01,0.3510240987316625,0.1216325436894949,-0.19907203229784115,-0.25882190409406414,0.255103240772838,0.07015730907801858
2004-12-01,0.15265396385944655,0.16552399854233746,0.0031523405489193024,-0.4245000184123115,0.7192131373088277,0.051097160601082776
2005-01-01,0.3807363797291715,-0.01071217071722358,-0.17578367084224597,-0.041228655028908226,0.1339107529008278,-0.2707921504103115
2005-02-01,0.34674141566058725,-0.471919563183673,-0.2769091184839236,0.23946885791625466,0.01974008708943674,0.03355643323614845
2005-03-01,0.5148125260277734,0.18894923881972436,-0.14100103693422872,-0.07537708833215492,0.042026929468644586,0.1005687733981512
2005-04-01,0.4517062716606135,-0.09940001875276494,-0.0014543955062636602,-0.1092733425634829,0.025797791789368266,0.14500472821810761
2005-05-01,0.27759123141089037,0.11561985679113809,0.11573012345844577,-0.4552413956469459,0.2978505733406017,-0.11669993652041337
2005-06-01,0.34707891570661525,-0.36894877487592076,-0.14500272888542945,-0.1542035212173472,0.10075452516470315,-0.1637056956285763
2005-07-01,0.5864086058784173,-0.4684383093113999,-0.3376012974749418,0.1433990622741273,-0.15860304264474906,0.11782083678075206
2005-08-01,0.3970862948228748,-0.18589935617359832,-0.05253761505037144,-0.058348540301569704,0.22883468725695386,0.5184420296312976
2005-09-01,0.649336946304685,-0.5117303157567851,-0.43526237841541215,0.03621551500047235,-0.6248658045275062,0.20000322156394468
2005-10-01,0.1350755225055763,0.9303911844247104,0.6745958162410206,-0.6786801066043073,1.1659803701082485,0.6947385004160208
2005-11-01,0.23477203354816784,0.2739145460546104,0.31480631969240774,-0.5709731183955301,0.7911826322522268,-0.5693345617758928
2005-12-01,0.3032486846116483,-0.6836328618320021,-0.31808599681303174,0.25272577621711606,-0.21654776955244953,-0.25017785351923416
2006-01-01,0.5547071458713566,-0.7262151940846966,-0.16135686064291008,0.15320190020041652,-0.15159121114237778,0.4468811080783286
2006-02-01,0.4272205781727018,0.4087402352287939,0.3457954663125943,-0.6137261710638473,0.48910499762868465,0.3504211956532904
2006-03-01,0.4194621892697245,-0.30332123326167987,0.0035750573389509155,0.030357578140190036,0.05025360286234521,-0.021249730884026728
2006-04-01,0.3284110295544584,-0.36629380496254343,-0.11615876875690088,0.25736726733144166,-0.058959505786544686,0.2368281288822418
2006-05-01,0.29361303505648945,0.2365065717028562,0.15571197358731037,-0.33559873181776767,0.13757632151913682,0.356528210149624
2006-06-01,0.169569390133389,0.08416544470146084,0.140064558920236,-0.001081101178554103,0.08692034902613648,0.10859252999981678
2006-07-01,0.18475411544818449,-0.1793506984933041,-0.08047319864641403,0.04904780580020489,-0.23819887192996037,0.05340301403142248
2006-08-01,-0.11339050823596061,-0.1451938019151684,0.08636229543064611,-0.1639457904527506,0.1711010367414746,0.34037222351994356
2006-09-01,-0.027710050275918028,0.5716863523512254,0.48463163083509897,-0.935061436995096,0.5390601537448554,-0.007075246216605127
2006-10-01,0.03149994078901952,-0.06212048845078222,-0.033511790187967315,-0.21381710233952061,0.0025364104665445697,-0.24879134398720243
2006-11-01,0.0391364205987355,-0.5659552820741016,-0.20145869415184076,0.21955516313995666,-0.3600894512801435,0.31030285317672657
2006-12-01,-0.0733688312047123,-0.6605153444452516,-0.10697729628108078,0.3345350112132653,0.04686911491801632,0.45306566694669587
2007-01-01,0.08502189815846914,0.4424732315333286,0.27311654800270097,-0.39044947137652913,0.17969409627778432,0.2801942601394434
2007-02-01,-0.1720778682616439,-0.29266812153711835,-0.06674406415745934,0.23130905910487484,0.02034545298986879,0.08959416160347862
2007-03-01,-0.00847298916455095,-0.22665137757664525,0.1037278379325385,0.0881869808512874,-0.11375913537973004,0.2545439134735438
2007-04-01,-0.24621591720051478,0.07166290623719643,0.10364945909040543,-0.14849231537650073,0.37012462579473654,0.10618398687712455
2007-05-01,-0.054459632830463664,-0.09123499896884701,0.0046719845919828,-0.043424565499137764,-0.05571445096577357,0.06566575084364833
2007-06-01,-0.07901822509595345,0.2683698215985234,0.15542983028304902,-0.04893288694432904,0.21661089442374873,0.2613977849792594
2007-07-01,-0.12936832701769868,0.07638223642019272,0.010078991481100502,-0.08314645652057953,-0.08933090623335771,0.13130592817423697
2007-08-01,-0.3148163155977368,0.251170026713935,0.1298282237084467,-0.2487313448698022,-0.11907745582910173,0.1729829109759234
2007-09-01,-0.38587348153424234,-0.43099900893185256,-0.21236127950622874,0.23993077446056868,-0.2952366785762152,-0.03643500425640976
2007-10-01,-0.19836566405629302,0.11471305727410389,0.02544797332669104,-0.23631252152723656,-0.06061991797070554,0.30794624728469255
2007-11-01,-0.33409287385456427,-0.42511444616693367,-0.0380513752890466,0.33549028646568124,-0.5935825245467056,0.14842259719376938
2007-12-01,-0.5274012715817418,0.5992332204674556,0.3325831574692067,-0.3181749987412805,0.20956672121153336,0.06916112443433188
2008-01-01,-0.42745577363974574,0.05429885280549407,0.1234922630710634,0.0343145157843525,-0.5589204281834053,-0.196024840068658
