"f1_l","f2_l","f3_l","f4_l","f5_l","f6_l","f7_l","date"
-7.50425267552809,-2.9262664314126,-1.62761238099296,1.43705422691444,-6.3719703445828,-2.14461146357018,2.97255811205657,1960-01-01
0.207815246730593,1.37922532350217,0.655828590109265,-1.52398327911059,2.51456341754108,-4.45076597464648,-3.1475634257976,1960-02-01
9.04422216395463,0.262722280817537,0.581261126634445,0.255480214805519,-1.49024501459518,-4.28969251950557,-1.54465908658462,1960-03-01
-1.85506301083751,1.70032481841377,0.92617219347951,-3.98437134642007,1.85214504060998,-1.32392543362319,-9.1229224515425,1960-04-01
5.61836804441859,-0.591336907826271,-1.44885335812771,4.48978487592172,-0.63824789483624,-0.517871324433169,5.06269832488096,1960-05-01
7.63364799209926,-0.751974877712517,0.0927749642856257,-0.170588103296422,0.612545455591786,0.17019032566737,-2.20151061826055,1960-06-01
5.31585795924789,-0.271435915123776,0.537756537539183,0.75721734210028,-0.654754947405228,-1.47703671122775,0.313942393672194,1960-07-01
3.34935854521743,0.494771762392928,0.43823288558957,0.0624574642875571,0.122610428842239,-0.38302708391827,-1.03025327456915,1960-08-01
4.27968026887909,0.0648585425264114,-0.771688402234674,3.73799880340346,0.273787580834788,-0.583891463256093,-1.87154279831427,1960-09-01
5.39983019227363,-0.101671743190075,2.91618585769947,4.19629026804039,-2.83723774341684,-1.3914604592389,0.588216816388476,1960-10-01
8.6023823216974,-1.57895042455261,-0.0601015424169868,2.50011389340311,3.05474563776328,0.411605842234086,-3.76967496169044,1960-11-01
10.0256946309366,-1.56805909845286,1.39822700551877,4.20924255004466,2.09571884371019,-0.357509060178427,-2.53454863670049,1960-12-01
3.12205731786541,-3.54285145989228,-0.0578397262833276,4.42444322269479,-0.890748969512327,0.816102773220202,-2.13973944008027,1961-01-01
5.8237611568234,-4.58923891233412,2.94699045288804,0.328122565851817,-3.40563958885994,0.340900399460291,-1.15599725747847,1961-02-01
-1.60122234733554,-2.78595738582364,-0.850863990585765,2.23509270776763,-1.1742336510598,1.37200904117997,-3.37757464395958,1961-03-01
-1.81146264653905,-3.65772495556611,-0.0591802612646606,5.62181443405545,-6.26986012470496,0.315877028767097,3.54471488100228,1961-04-01
-3.648274317719,-3.2803122873099,2.42323135316832,-0.0616097154946397,-4.80216367500472,-1.15565320719043,-1.59688114877879,1961-05-01
-5.48816992865635,-1.57100218170327,-0.0245094631478084,2.80470092080624,-2.02527441483843,-1.19539939012304,-1.3602971805728,1961-06-01
-2.31553933807519,-0.573215820531612,2.04800704115187,4.12052253539457,-2.17205138235318,-2.96187402977155,-0.779819736382132,1961-07-01
-4.5472641720772,-4.78391361909246,-0.0667007409406561,-0.761725200266825,-1.70127201522185,-0.72500394058858,-2.47761602709636,1961-08-01
1.77584172980688,-1.16600807801333,0.381816960554713,1.68483724121273,2.32937552703039,-2.40652975958992,-2.43618574942295,1961-09-01
-5.68569303592486,-3.86171710871699,0.0420144606368713,-0.0156478893309401,-4.5127796484997,-1.01411852280932,0.469556090038971,1961-10-01
-6.38099896866,-2.88338827399633,0.432276994556359,-1.41252739608359,-3.50008096021251,-0.270236618683096,-1.56953716408403,1961-11-01
-3.24789221572994,-0.770985046345503,0.62185331931642,2.088462052979,-0.989425917034091,-0.433451408341405,-1.10986604551176,1961-12-01
1.83081493658728,0.707494920372182,0.847091388419749,2.06970182166373,3.32250970767272,-3.10682034640744,-1.90708346909701,1962-01-01
-5.64098034927378,-1.45952407426931,1.24477600445947,-0.796953258622131,-2.18914251931995,-2.34831379595214,-2.61377314554594,1962-02-01
-1.06582274274941,-2.53400022716345,-0.765338127592635,-1.36104166397207,-1.20402941590278,-1.68537906121071,-0.668769269756492,1962-03-01
-3.04308455587966,0.222958846218703,-0.432622499212674,-0.75857077444019,0.653118978367501,-3.60282712755752,-1.60879303215173,1962-04-01
0.376688421578678,1.0906315143084,-0.691819710369465,3.20891121123874,0.791207405592801,-3.08083548868852,0.767380070212017,1962-05-01
2.09310346828614,1.11577970383497,-1.52986893392828,2.02087321127932,1.85110041458192,-7.37106194162842,1.20650547351698,1962-06-01
-2.27080359407411,-1.76378369197028,-0.171529487520393,1.4035308866197,-1.69996969389316,0.200636216059796,0.436068312790434,1962-07-01
0.926283863790441,-0.050348029489315,3.03846003306675,-1.15457183372044,0.738581132855879,-0.886464258918793,-2.49632321191884,1962-08-01
-1.7350368000485,0.947459899800254,2.50086481912047,0.027136262633367,-0.909371042456153,-1.62758593608979,-0.392969417088637,1962-09-01
0.685028138944715,-2.25738846469318,-6.08418702499201,0.285273397464377,1.19276485796266,-1.74208103092448,0.530128407378866,1962-10-01
-0.111269247741139,-1.65557084814028,2.68166322948005,-0.444969222151881,-0.766528466645844,2.14372345591712,-1.52982850985071,1962-11-01
1.51070032399698,-1.70788535638318,-0.920699307078832,0.352753891051069,0.456987422499866,1.35646504717784,-0.26475617330037,1962-12-01
-1.11312246055101,-0.275180788994852,1.94805878035188,0.114980948649757,-1.98807788325127,0.909938095965982,-0.832538925894173,1963-01-01
-2.00723912711823,-0.574639152383535,0.181247932153192,-0.0630671730820734,-1.21005654547897,-0.623065743739446,-0.101670636515164,1963-02-01
-2.07497029103417,-0.308198520257729,-0.966350697429541,0.035286812776614,0.358942082891864,-0.530816685316639,-0.57698132442898,1963-03-01
-4.18173348282862,-0.777036305511604,-0.309390869507156,-1.48790895656446,0.558438636136603,0.397899982571622,-2.85851272141799,1963-04-01
-0.728318579194953,-0.76911377825244,1.67665145910797,0.469715006257406,-1.22330858651197,0.332262553969112,2.20675156185463,1963-05-01
-1.06423320290459,0.0393781334047947,1.14182341328572,1.03165140158999,0.471761405158297,-0.157810392036815,0.129716021900745,1963-06-01
-0.275057387354751,-0.140719652387438,-0.520314567040811,0.543125016620856,2.1107116836014,-0.880687451502068,-1.41962807099421,1963-07-01
-0.766090057007412,-1.40335650056544,-0.489580384489389,-1.06096820226396,-0.261850675836035,-0.398690857534241,-1.54555955423021,1963-08-01
-2.33104434027922,-0.950631857667936,-1.99668920914732,-0.389070221983412,0.388753804816465,-0.130636607096154,-0.082634590416581,1963-09-01
-3.75233069012431,1.08676233929631,1.86642005039615,-1.14391182142524,0.197998365339723,-0.654457515618665,-1.53904622473528,1963-10-01
0.764661266851113,-0.0289799790238904,-0.466241166242807,0.925388856277278,0.714154665680077,-1.08928665905997,1.05354915535953,1963-11-01
-1.33151182168556,-0.24603632540687,1.0356410378497,0.43385566207019,0.993242105267031,0.950284141311881,-1.61212809986538,1963-12-01
-2.5938067413183,-0.919450392308691,-0.613781002322199,-1.13040426915987,-1.42059389009798,0.000996784148868335,-2.27861833630183,1964-01-01
-3.20637130513977,-1.00268508970762,-1.7501639503796,-1.31497815902185,1.88467264396867,-0.597751655338428,-1.65236545173355,1964-02-01
-0.147701488120519,0.70940554444889,0.683847714186,0.0402475600467189,1.61460060035211,-1.06535885892797,-2.12273888197759,1964-03-01
-4.77589195104744,-1.56527385696818,-0.346828304421457,0.25156894710894,-3.6988237810038,0.410527848997488,2.04583530674715,1964-04-01
-2.79013126068404,-0.727004507894667,-0.307824951434097,-0.992092306040669,-0.737605417193444,-0.536100355186357,-2.46128359675703,1964-05-01
-0.490699911312612,0.514355947334211,0.905477027296177,0.282485044803062,0.059221549933341,-0.943252419240757,-0.0223850909623926,1964-06-01
-4.40203393049843,-1.31639304489089,-0.217055204028036,-0.994667046519206,-0.887154439936404,0.885117025454625,-1.68838605561989,1964-07-01
-2.11872438437958,0.34936916117985,-0.857912326828326,-0.96526874858306,0.69663904248224,-3.04158193738234,-0.992388827531504,1964-08-01
-2.71268693249514,1.16855402317506,0.43153380866142,-1.13986934538609,0.903428383580138,-1.54450214869469,-2.61706146916038,1964-09-01
6.60015338756562,0.353802736161572,-0.802301679554217,0.765226722694329,5.07603979774268,-1.02293577297747,-5.22477772856794,1964-10-01
-10.8525296425045,-0.80835354033332,0.337570293972476,-0.781078481368185,-6.8844984850084,-1.95159036546999,3.21171559074228,1964-11-01
-6.31208419201275,-0.451654415791092,-0.0888455554863868,-1.34906799513146,-3.25372347978338,-1.27545354693419,-0.701000602804549,1964-12-01
-3.79689564509671,0.0122109723691214,-0.562825280175696,-1.38404215560879,-2.11228937907255,-1.20259016896784,-1.96791756479998,1965-01-01
-1.4030426086437,-0.104861540935658,-1.68026091456607,-0.698395608229465,-0.94318338808129,-0.979213093381725,-1.46486180181499,1965-02-01
-5.40817282868281,0.844236741280333,0.0248569800771589,-1.71499701247117,-1.19683339063717,-2.03828262706129,-1.22294477686771,1965-03-01
-2.22252870627646,1.5728803877965,0.152179043494987,-2.10799981889247,-0.235402175441303,-1.87901706966083,-4.4614838246263,1965-04-01
-3.59863596445285,0.860976524488406,-0.525334360913773,-1.37024417910402,-0.930032089047124,-1.35838160215255,-0.811023474790493,1965-05-01
-2.08171692793665,2.32931757039665,0.0972852563676922,-0.189907207053535,-1.1115545866654,-3.91560346878716,0.121661182390947,1965-06-01
-4.89743561740041,-0.378329242076005,-4.53128071723288,-2.35509924924812,-1.10798100244409,-1.5252130546079,-2.84259294597737,1965-07-01
-0.664120905936327,0.687661315294966,-0.37805119572315,-0.902247414869444,-0.416383793023247,-1.28004335004713,-1.87538100754037,1965-08-01
-3.56177553481885,0.508764086952713,1.11845665665395,-1.18123393665164,-2.38610995251892,0.56293948238298,-3.45068752939946,1965-09-01
-4.76327544926901,0.126826098155358,-0.244458815742575,-1.45467277681503,-0.973093383604073,-0.188359920421305,-2.46722907582126,1965-10-01
-3.79780711499715,0.682466346486177,-0.532068371300513,-1.29372178255627,-0.676608388550218,-1.05733671195807,-2.71596208372785,1965-11-01
-5.67065683673636,1.4762610349264,0.726957363296762,-0.529885290505676,-1.52141282300024,-1.95236825990434,-2.04679574495113,1965-12-01
-3.84494890264595,-0.299808119505428,-2.59398844253337,-0.856853929819869,-1.16612903563102,-1.44298932165403,-1.76331429134622,1966-01-01
-3.42470181028519,2.48466326429386,2.42965235574083,-0.673952737663088,-1.61629033147145,-2.9527024918323,-2.26316607718654,1966-02-01
-6.3021008864317,0.884490231360196,-3.62448297622904,-1.19052737546965,-2.26832249569063,-3.10069112134363,-1.86745522066494,1966-03-01
-1.81038733559912,1.11617067835774,1.20715554855679,-1.05564733288789,-0.875642820750941,-2.46759057449404,-2.789327377729,1966-04-01
-1.15686681863806,2.6952729363845,-4.31790004963629,-0.85100601826902,-1.4285361169658,-6.34520524703812,-1.58124197616728,1966-05-01
-3.78038949806751,2.15339442896217,-0.991855385356346,-2.97699630326794,-1.86554819553183,-3.30650827110276,-4.06275627639744,1966-06-01
-0.695937352611454,3.68731048425145,0.162950560196593,-0.637728549633421,-2.20165937326527,-2.90164196567547,-3.52024169156916,1966-07-01
-0.1616649366542,3.62594116035787,-0.40333198812294,0.830872710264552,-2.83634714842521,-4.42564003276057,-2.04080506090382,1966-08-01
-0.530226838754303,1.58412910435616,-2.95506435387898,2.27585302146615,-4.26004912784907,-2.28963319727451,-1.60299374398345,1966-09-01
-0.423194307313794,1.12943833514944,-1.2153552482067,-0.265082111481259,-6.23734359941735,-4.42913725815142,-2.79896095255636,1966-10-01
3.48030218171105,0.613153878345049,-1.53552709433799,-2.0657178261188,-1.29849924044131,-1.99292868172959,-6.99443505176301,1966-11-01
2.23135325965668,1.71054106016381,-1.37197443441809,-1.12545173675371,-3.00292170057633,-3.54168878137219,-3.67143920393469,1966-12-01
0.658375093408349,0.46614217052129,-0.932093482730062,-1.44531720040236,-3.63471128638565,-2.25641414252132,-2.98455682118131,1967-01-01
6.04831346460815,0.673390354437086,0.830535194650816,-1.06487333445693,0.216507896359123,-1.09317939065065,-3.67210823392395,1967-02-01
2.91445614347372,0.725843060026666,-1.3320182893436,-0.540382199453558,-1.01339530317251,-1.37554107540544,-4.35749337427434,1967-03-01
0.509233255240905,0.356892309886255,0.930018007191373,1.62432083530645,-4.01852916701975,-0.138249355796925,-0.687626963786785,1967-04-01
2.78287064409833,0.539867189453343,-0.0952957124971468,-0.0164575958750329,2.02289132482596,-1.37365551270378,-4.52519828628712,1967-05-01
0.142889519302445,1.45063577543886,1.8453412427136,1.05241416888726,-0.624847709801626,-0.684564687034334,-3.37075856931256,1967-06-01
0.415848469488578,0.0550168194172356,-1.34138467992634,3.28391194370559,1.98567759465476,-0.669262330552293,-3.61541184976689,1967-07-01
-5.61564184481347,-1.74627685531314,1.02361735390146,0.968801790786279,-3.8046027690588,-1.27600270887128,-1.55773476364416,1967-08-01
1.0467815405451,-1.72634539508133,-0.0257902451347003,1.15466924308965,0.795675455248392,-0.883744692598389,-3.62393428530344,1967-09-01
-0.843505980934985,-1.15887807883047,-0.0908378163586939,3.52642049029894,-1.29683756409803,-1.77872995817954,-0.701955981006223,1967-10-01
-8.29035745715808,-0.392808833714245,0.490888037807783,1.29207913865973,-3.35051126173582,-3.20061524253827,-2.1657323982298,1967-11-01
-4.71568939515053,-2.62543494806939,-0.0429536022506331,0.797122905710533,-3.28767946765818,0.299680412260046,-3.15958001893314,1967-12-01
4.57739580875181,-1.78064736786051,1.18028650509209,2.22457882161656,-1.46329587174358,-1.81695451113682,1.14479662658749,1968-01-01
-3.74598529562883,0.861267567765432,-0.866262433096522,-1.87064027285238,1.31278734961323,-4.45481145175598,-4.08672933899634,1968-02-01
-1.85820938876702,-0.993365679130194,-0.314538141508639,0.505468425999437,-0.693845133923061,-0.544027482301714,-1.03754417783138,1968-03-01
-1.16832591469345,-0.950133066941399,-0.0856630317746194,-3.24440298216814,0.772233071212681,-0.335946920342444,-4.57728758638951,1968-04-01
-3.04473709797248,-0.0210115104070328,-1.01130507334194,-0.0899905737292834,-2.66072556354828,0.318643556808637,-0.914843835606296,1968-05-01
-0.509029935663317,1.70697757057471,1.96213732394839,-2.17718135183697,-1.69524241047547,-0.341937451715836,-3.12269127221613,1968-06-01
0.418879002052899,0.335432753128556,-1.26451907073563,-2.01579832438437,-0.133148653683197,-0.451446329959783,-1.5428804190483,1968-07-01
-1.17872630855824,1.67397497530449,-0.83328180945819,-3.25542507741109,-0.4145696733673,-2.154622539981,-0.995949461470713,1968-08-01
-2.32549009209684,0.628127262088238,-1.10982345800799,-1.1050073555673,0.0596022917006652,1.20655917053263,-0.486180825823418,1968-09-01
-2.37597225736551,0.83097419645793,1.1003022321511,-1.37163320346847,-0.284411095920136,0.947676491368368,-2.36072151068205,1968-10-01
-4.48838529042462,1.56330088066449,-1.25640891736556,-0.736219786050526,-1.49933491639676,0.680206332279445,-0.495674164706388,1968-11-01
-0.761053186321772,1.24139223671059,-2.3630113963457,0.91547442634808,1.51414309958908,-0.97809433438085,-2.34022822470308,1968-12-01
-2.31441822224659,1.79527716137232,0.735029725876235,0.0560449727555794,-0.188977010913302,-1.82483434092135,0.0795343105574816,1969-01-01
-2.54155143714187,1.11850481037811,-1.04173841382031,-1.72931251170007,-1.00228844881016,-0.86324079862111,-1.75114578541224,1969-02-01
-2.17496231064479,3.25826597389637,2.50569480430123,-0.933957922929545,-1.24162508707739,-1.61115967393897,0.576810691737199,1969-03-01
1.91421280596374,0.433845983351026,-3.07435904275916,-3.58362107499587,0.991856508905312,0.432524116689326,-1.8281160657125,1969-04-01
2.13507616673091,1.30155039890177,-1.68321336927162,-6.46364218497042,-0.229696129622635,0.836555677593099,-2.38018303950159,1969-05-01
-1.94933279399061,7.45655695242481,-0.867289632707069,-1.69656543385547,-1.36825239284036,-1.53681267896353,0.241272954598638,1969-06-01
-0.89876747225207,4.99067536785032,-3.53373363876288,1.59655320428924,-2.84343539114746,0.452789750414859,1.71663532507239,1969-07-01
0.167605267730417,2.80962880719779,-1.38714785385092,-5.08945997655771,-1.94303615852665,-0.0327390098453637,-0.981985201054386,1969-08-01
3.04515620759588,4.28309541976498,-1.01584277562681,0.247974209558955,-0.987883465435275,3.37692463245357,1.03619273576793,1969-09-01
0.603057004377988,4.29436686709041,-1.02525815246039,-2.72311536188687,-0.508102870835025,0.429486889559677,-2.39983119974055,1969-10-01
5.22099749614306,3.83985562555616,-0.323188896848718,-0.171324100162621,0.899928730620509,1.41794711822434,-1.74210111019846,1969-11-01
1.70866464456938,5.18292687169009,-2.02532094411098,1.6275599407748,0.123293995827271,-1.37106549172422,-1.00892710705864,1969-12-01
9.70601634442625,3.79388485096217,-0.971783778930049,-0.0621093009897448,1.24310305112051,-0.806742887639447,-3.46123488265263,1970-01-01
3.5394482595628,2.73234364387313,-1.87197773143234,-2.71880116533848,-3.11530896697139,-1.48312359716963,1.23402405039504,1970-02-01
3.68791922720793,3.10546992809107,-2.11493570939078,-0.743671924929331,-0.670924823336671,-0.263687234254439,-0.479061517079669,1970-03-01
6.26289171776455,2.87133653664755,1.53490462545776,0.336901926498682,-2.15014853605796,-0.544024086647738,0.430011113953895,1970-04-01
3.92105608960338,3.0163723763493,-3.57481730944449,5.88959976480746,-0.499374109689017,-1.37459548586136,3.60417752274775,1970-05-01
3.64986304313473,1.38891793873021,0.695495943703833,1.89060210400668,-0.288835438658188,0.948012532040226,0.649046476233263,1970-06-01
0.689661601808615,0.362016025045098,-0.471976282953143,-0.185681308203604,-0.439703776427221,-0.537026389054121,-0.67210237751236,1970-07-01
4.68859549153738,-1.26519709601956,-1.05699807834421,2.16597837229447,1.8431553661171,1.64969836403765,-0.464064406971999,1970-08-01
5.05766582780863,-0.540285660859892,4.12871545905108,0.297075013040274,1.44306950968806,1.67739419493848,-2.59970005912468,1970-09-01
11.7761148341943,-1.19941341153213,1.19577614996096,1.28166869607826,5.83019868244941,1.3636984098015,-3.31920886682748,1970-10-01
6.69879040989755,-1.00611033538554,-0.0573190914898715,0.867966365160825,1.31209582909046,-0.70953714486218,2.26762446298968,1970-11-01
-8.67206604190018,-4.19153675493939,0.925749201110075,-1.71037699986,-6.08443338255747,3.89192089480681,3.23531261648062,1970-12-01
-1.97199176201487,-3.87740136009532,-0.760541745858531,-0.041986843028688,-0.0783276100789957,2.1007978588261,-0.00931196893752897,1971-01-01
1.4036759339567,-3.82102875661612,1.43039065601864,-1.02120366990924,1.64119307598688,1.11799814782308,0.37502469496163,1971-02-01
1.76598276677574,-2.70264499362004,1.1629984163471,-0.567451695044316,1.80309316644964,0.612774041545723,0.242869530510873,1971-03-01
-2.45427175356596,-1.95224358844861,1.2936978750174,0.930407848479062,1.32905713168077,2.19768017295816,-1.37681460452843,1971-04-01
-2.81872367091508,-0.053173214443029,1.36160524013048,1.95530120014311,2.31872232027824,-0.255376090243938,0.370198119446037,1971-05-01
-0.976746544183806,-1.77101243638901,0.552566538223514,3.07310650699613,0.37365257772763,1.98347383018731,1.19309635722702,1971-06-01
-0.037801206363038,-1.94571391105407,-1.14982301260419,2.02715372335315,3.7782729642802,-0.230129613779026,0.055519579758524,1971-07-01
1.65767904678142,-0.32548110778069,1.2806645793893,-2.23576737265009,4.04672669653135,-1.06712275316025,0.731319611414247,1971-08-01
-4.81664567220311,-2.64333073062382,-1.66507066402556,-3.61665682763799,-0.347279286321951,0.945703652974434,1.45926666599802,1971-09-01
-2.62769881429311,-0.323946678113844,1.24777006725008,-0.316525702305148,0.304466533758214,0.384251631853769,3.74151783971231,1971-10-01
-2.45740274597482,0.440531452375898,-0.223191043492362,-1.60664646786314,2.14252923931377,-0.44981713584167,1.66693466169402,1971-11-01
-5.0820829678161,-0.118108704131473,2.23080612417295,-0.596171002323876,2.18375200765737,2.70092343521472,0.114498376451989,1971-12-01
-9.53191263359167,-3.10545816800845,-0.614876906707886,-2.00826117719261,0.717616980771429,1.04160153876899,1.24071689791635,1972-01-01
-4.76148065943575,-1.57489825363061,2.048127063144,0.674187132896311,1.84964970389052,0.0660993565053837,1.04063696438221,1972-02-01
-4.97160527362089,-3.6528402022376,-2.10846013043942,-1.41620439129674,3.44162701482534,1.12017284553428,-1.51529641622092,1972-03-01
-4.74074289069817,-1.50118123633899,1.3755053606694,0.426431808407348,1.29072289381282,0.0703821209354489,1.11849010785996,1972-04-01
-2.29450344343205,-0.125933148851903,1.05589861399531,-2.00553099992395,3.69652051138534,-1.29444371406845,-0.336450677834555,1972-05-01
-2.771086950372,-0.937240860689275,-0.756504643269236,-1.31778781627311,4.11724690316988,0.0488669674501536,-0.4171901232301,1972-06-01
0.512578680396172,-0.856370645427521,2.16184831556367,0.796834547025763,2.68424232402941,0.762508083904416,1.86748852752392,1972-07-01
-7.57889447335304,-2.1237121784031,-1.12928501362703,-2.81708363737595,0.484829490900373,1.69235967256112,0.642085985686008,1972-08-01
-4.73703710096445,0.855603407163199,2.47623822382674,1.24773561287662,2.41490481840301,1.48641886382073,1.73848940853833,1972-09-01
-7.29998156309264,-2.73212220208826,-3.50145752386928,-2.19251335844037,0.376325906402701,0.579873420780973,0.826838387825031,1972-10-01
-6.86213451272423,-0.517933314808996,2.4380143969567,-2.6652296816533,1.70498941887833,1.23763054761707,-1.07726059676765,1972-11-01
-6.85614325238262,-1.24187284547953,0.0196474983926773,-2.07375626914153,2.03579196568139,1.29891270377051,0.569962683080834,1972-12-01
-5.23260019346052,-0.0822998636168237,0.92492131508176,-2.30577974645678,3.45531597036489,0.558395268909329,0.96700465186671,1973-01-01
-7.40446926812138,2.82739090874769,1.0221236941019,-3.79351065293902,1.44554932758072,-1.9500241174546,0.96362096436968,1973-02-01
-2.48031408297182,3.4714877118058,1.85573125432508,-1.93000260041867,3.18396273569116,0.0113213909138866,1.14982075214101,1973-03-01
0.141447738510858,2.17189077465105,-3.68445948821011,-1.80923807968758,4.07432677021681,-1.06701581284386,1.23013934987501,1973-04-01
-1.87100219066948,1.34758704209487,-1.18901574280142,-3.59491477799313,0.97063434511689,-0.749677380794236,2.23191226519057,1973-05-01
-1.45897119781469,3.92347736637336,-0.81216828952822,-3.09860589093379,3.35324352039892,-0.103434861213883,0.796436288925302,1973-06-01
0.654979346506773,-0.483410623516449,-6.70656639956948,-3.7212874935179,0.362117456280457,2.94619826791744,1.71993239964933,1973-07-01
0.403611477415229,13.5339188177766,13.0820114997194,-0.567539442015488,1.06110106767937,0.568717194594267,0.0358061995835154,1973-08-01
-0.00499032116769799,-2.09061658425732,-15.3696480539553,-5.12486933801739,-2.4380307858643,3.51235941547488,2.95538352618261,1973-09-01
-2.4955139982649,5.72080683540629,1.5966740760003,-7.45913305310242,-3.5358997839145,2.53230884701968,0.262923177154532,1973-10-01
-1.47145839490818,8.36943945520992,-0.840453940989824,-2.42541400512151,-1.25603114587344,-1.05442510616779,0.919120861213864,1973-11-01
3.82934052239902,7.68497757938279,-3.0508586947685,-3.16265920775585,1.07682641708469,-3.39216734847921,2.52704640442319,1973-12-01
3.9470109692114,8.77232588147657,1.51242789682706,-1.40731855996523,0.61896411989757,2.04978638397247,-2.10715644958481,1974-01-01
2.94113324562532,6.28078276475669,-1.59607932852989,-3.53164726315576,1.34392699022237,-0.451745052358202,2.22565231815661,1974-02-01
1.15033465344379,3.30361215663447,-1.68044513311408,-0.377596233075922,-0.271198605805538,4.31849137523932,0.0641684337314486,1974-03-01
3.61853317570972,3.20155926419763,-5.44739698256503,-0.801068476779218,-0.0541373245542838,0.136498147133765,0.5561222022684,1974-04-01
-0.213680532157793,7.02812341104382,1.97988299130533,-3.98615498821307,-4.59237767115952,0.248054687771806,2.22766280481511,1974-05-01
4.96081853426632,4.82608055226029,-5.78823437710816,-4.75251982020107,-3.59998705073921,1.24845373573334,0.83885131638237,1974-06-01
4.59539573393181,9.81688781624286,-1.11568281474993,-4.39352454504375,-4.59166090291644,-2.6155856570033,3.07880479231426,1974-07-01
4.41373615972954,12.4850016645251,-0.809414634843088,3.059127709535,-1.69237090693543,2.87002184928319,0.551545157375784,1974-08-01
6.56808346610245,8.98787375237742,-6.39988540488365,-0.112896613179977,-2.78321880415964,-5.34115968185357,3.36368818476508,1974-09-01
6.99155303595242,5.52542479255463,-3.1855800995536,-2.11476249296319,-2.88911148699044,-0.341728188606463,-0.132879564582675,1974-10-01
17.103021717538,4.61656169112769,-1.03807498676807,-0.273927846733064,2.45272258089767,1.20486748516885,-2.08515176760443,1974-11-01
21.3215038687799,4.47959436150907,-3.21069151921007,5.09205184792261,4.55317655074813,-1.57871807601924,0.758349121835942,1974-12-01
14.1562751750552,0.793753516339519,-0.574749408970173,2.62296711628364,-0.703560728990896,4.46898992147669,-2.50972842376115,1975-01-01
14.9494251785215,-3.44964994124209,-0.0758574239716956,1.82528832808176,-0.406754091561317,4.5820593942172,-4.56137027819097,1975-02-01
9.94586407158243,-1.71831761090513,0.31148475645484,5.85162522422097,-1.29929497765884,1.10602874827263,-1.21255648403775,1975-03-01
2.77302790209546,-2.20976512313505,2.00129388066125,7.81866673899829,-5.23122424590116,1.76089262782048,-1.54624120910226,1975-04-01
1.91103035739678,-4.76774188369991,0.522029355925899,0.595408731453613,-2.32648059304486,1.15948795709728,-4.60085326910288,1975-05-01
1.20333834064705,-4.16741723689882,4.33706597205034,1.90966054192976,-6.45950838774535,1.59504728798549,0.349880216942013,1975-06-01
-4.46536863550436,-0.435991276706899,3.60419458873559,3.52004946548961,-3.64585281805376,0.269486389896752,-3.76985500314075,1975-07-01
-4.40004569733386,-1.22548371275822,-4.91769942261808,4.1635585652445,-2.0028169823347,-3.85660828113572,-1.05347973285622,1975-08-01
-3.4563917457798,-1.45230920756419,2.68276257337208,2.30261184634068,-3.93807427236704,-1.48852897098964,0.341661473351544,1975-09-01
-1.47760153319037,-2.55275341318498,0.288726674903161,-1.33964961407682,-0.757330432619031,-1.70877474722097,-3.4741730859783,1975-10-01
-0.0139392295645223,-2.54574776590498,1.24557352389906,1.83506547900863,-0.555772406140268,-0.157344498427723,-0.966717176376,1975-11-01
-5.03258825218636,-2.82104200195303,-0.84551473423349,1.51648626756131,-2.40942862867781,-2.29648607692232,-1.37222586278711,1975-12-01
-6.14960606067616,-4.95502811849469,0.202682564275054,-3.69028706812777,-2.35676064700431,0.830722512847989,-3.47197992644406,1976-01-01
-5.08646620302473,-3.4996308656069,-0.94973133491411,-0.419322639295619,-0.215757970107988,-1.115733943129,-2.31466938390325,1976-02-01
-1.61583779688236,-1.86762310517621,0.826114327156386,1.33371142094887,0.508668432780127,-1.2251114536875,-2.07010087544077,1976-03-01
-1.73110494916173,-1.66522722191028,1.67628434257175,-1.29609433218623,0.333863669543326,-2.4972423133754,-2.98753876967851,1976-04-01
-0.861086219750624,-1.0228109025676,1.83653251356316,3.21254369103843,-0.268084444410575,-1.14399521540515,1.09835092932817,1976-05-01
1.37155987361158,-1.46808610165185,0.867867128540057,2.29708589493395,-0.838814814314919,0.382772461602067,-1.01720689742802,1976-06-01
-1.18556773181068,-1.43097149851249,0.733852744984398,-0.344505491999071,-0.385397486571653,-0.84024625599659,-0.651891333157625,1976-07-01
-1.00399426468067,-2.20740073101201,0.433522590108263,0.546032449517412,-0.50819919021316,-2.08064761505003,1.00903879401363,1976-08-01
-1.3667280033546,-0.628046084495428,1.17424048158173,-1.04466089341766,1.46489608731017,-0.519899568654174,-0.891660218111142,1976-09-01
1.55132550750059,-0.728264109193214,-0.0813026724691242,1.17690628214106,1.41271116637414,-2.11778188366716,0.901787092058572,1976-10-01
-5.4796501975975,-2.09988246122108,-0.746443656478632,-0.501958566645734,-2.73143403125974,-0.709161984330734,2.7669653998948,1976-11-01
-3.96400638200712,-2.37026880242983,1.65753537153753,-1.87649541286334,-0.92268914591337,1.49789923826226,0.700753392603298,1976-12-01
-0.627158877515014,0.865417258153287,0.352703397144843,2.01961353228653,3.90512238150176,-1.05610855248769,-1.11081707583594,1977-01-01
-6.1317215198512,0.66259202814037,2.92547452158552,0.732223975078114,-0.658872048610304,-1.98185979168079,1.14644021482152,1977-02-01
-6.92594040405172,-2.18667050793107,-3.14607616768255,-0.542399655689735,2.06004990553602,-0.759891639365179,0.359283872731184,1977-03-01
-4.89377626928036,-0.413808274669795,0.858711722515767,-1.15730290764295,1.28051532065667,-2.21440952258771,0.953483952591276,1977-04-01
-3.85056573843265,-1.46304643617445,-1.62137397499533,-0.339785280662483,1.63132574968521,-1.33546892389894,-0.578050273194991,1977-05-01
-4.16495208379374,-0.147419374987532,-0.152838368116264,-1.76234452678927,1.12736309989062,-1.10122350937477,0.218279053141432,1977-06-01
-2.52854783139875,-0.628530422437834,0.503051922207366,-0.610176855425777,2.75435696212843,-0.0461239186276664,-0.990768368388799,1977-07-01
-1.85930174170175,0.0296730303048838,-0.572519760686852,-0.241508584512927,2.7005706054264,-1.70512658606849,0.17996116696247,1977-08-01
-2.87462699268277,0.940623111402751,-0.8437290781239,-1.5372881115607,2.23655987699768,-1.13161445819216,-0.429707843212321,1977-09-01
-3.31104477695223,0.839515401388162,0.170555077110409,0.175334455270189,2.60538839209933,-0.538342578503398,-0.709916356938199,1977-10-01
-3.13116976192553,1.37497282270173,2.06224808220583,-2.31942694257705,2.61566744361401,-0.284230178006117,-0.854964919147936,1977-11-01
-4.64718712320289,-0.366385903602765,-2.02429608033622,-1.47150524618862,1.75446934538448,-0.176066890450155,1.12130774526978,1977-12-01
4.15146531525656,3.7133830080888,0.421712145472685,1.71726699714309,7.99348773427888,-3.46489494289113,-1.20575119515649,1978-01-01
-4.51413649782973,0.180710039746919,-0.99164197756382,-0.610374979454058,-0.023388803912884,-0.265656810867857,-0.0976899494582613,1978-02-01
-8.21217625390427,0.806836164239827,1.14301244610821,-2.15851731840458,-1.28548809477957,0.043114819221472,1.09404076524873,1978-03-01
-9.239913538164,-0.0512440725207303,0.970024541439186,-3.21651727954441,0.630846895967858,2.34292224913828,-1.04856584885851,1978-04-01
-2.59408930129719,0.440911415523825,-0.0989541321688485,-2.16108686144006,2.73659277306404,1.58975340670896,-2.78178579275857,1978-05-01
-5.26472745256979,1.51789631767472,-0.32999247049211,-1.9357301953118,2.95401960912807,-0.135342108866265,-0.0748961449784789,1978-06-01
0.426033829855672,1.25644550417748,-1.87996583860736,-0.880587044264149,3.77183536973014,-1.29246901338385,1.07780179170536,1978-07-01
-3.10426104671657,-1.63441922786639,-0.596555627011819,-5.04815063520642,1.92028860128186,2.25773243200603,-0.892092342435479,1978-08-01
-2.04951131941195,1.96335592300971,1.67478149662869,-0.406746356041609,1.08549720164317,0.751496602814602,1.74164369945488,1978-09-01
-4.31138587644368,2.98758173431355,-0.487080043995389,-1.15251621896406,1.38308671174456,-0.447667536753026,0.548127252890297,1978-10-01
-4.59016947596223,3.60611318925166,-3.09004371539789,-0.430521083319233,1.48709394862398,-2.05946850674116,-0.286119178586271,1978-11-01
-2.44354818020213,1.98996294513269,-1.55938142304116,-1.6783711112524,1.28615201892528,0.818720205267774,-0.260316815093183,1978-12-01
0.835451620825505,3.19481223433536,1.05736324691401,-0.777763385326762,1.69665194934583,1.50468629578534,-1.88600544365228,1979-01-01
-0.597010586697697,3.22461715834004,-0.3093371152843,-1.59111465783588,0.487654554235244,-0.501731635270731,0.16102743499166,1979-02-01
-3.27898550747521,2.00958510114067,-0.0320087297646172,-2.27150396848119,0.362155688796136,2.52319296000015,-0.144335782752928,1979-03-01
6.88779193534599,3.39726547605216,0.964490517826013,-0.712944446195543,6.05095266830545,0.747744185096966,-1.25456793444621,1979-04-01
-5.26858010829001,2.28951668201754,-0.920934729273909,-0.626987041052153,-1.40049492718571,0.191233036941988,3.13076988214223,1979-05-01
0.650042564079555,1.6064415305599,-1.80598928538959,-5.67992729137481,1.68818672701953,-0.713051550678487,0.287603901779028,1979-06-01
1.92338288454068,3.11048520386198,-0.508681818500448,-2.76535546907231,1.55291919673913,0.560857070406094,1.41061796216473,1979-07-01
4.84011075319592,2.07325829458784,-0.863630996369432,-1.96374770912805,1.49982410872015,4.23539897971442,-2.31090712228205,1979-08-01
-0.821736018379906,3.10142426003266,-0.693413315339115,1.18381716615547,0.403151744203283,3.18506141959215,1.60713447668538,1979-09-01
-1.0848747230777,9.89949898158635,-4.29718099206617,4.85423995819458,0.34811572094176,3.14173899473397,-0.107784587081751,1979-10-01
1.66140163145669,7.24627292008056,-1.92888982943021,2.18507754028326,0.319790368440747,1.67952861213834,-1.22085312325025,1979-11-01
3.20412781186808,1.66145098972482,-0.163277208758565,-4.93138497520091,-2.46076160645646,2.05831726482275,1.45511659561838,1979-12-01
1.0901046963208,6.17871774254655,1.7685529614244,-2.4387549243468,-2.66108784883162,3.50998152938147,-0.659455443100146,1980-01-01
1.1839008425978,6.45229322922547,-3.478019281239,7.28930171722649,-0.0336073899031942,4.79819212133512,-1.66957169933551,1980-02-01
5.32071726451818,11.4606114153032,-2.94174165602078,5.23688509314249,-2.19682688093997,-2.01558795893626,0.674230051004538,1980-03-01
18.1985170385563,4.26583962666904,-7.97445417392746,-8.45613333607749,-3.71494931299337,-1.67780925233172,2.16334482215871,1980-04-01
16.7718608845784,0.281966001111293,1.39931548745132,-5.7516529672784,1.16660325600642,1.58666771058525,0.139828293578679,1980-05-01
9.53904346088352,0.210089707551132,-0.0167712900833856,-2.86566929310839,-0.52077766587387,4.87888717291559,1.50882427588618,1980-06-01
5.24126776104707,0.144914665900624,-1.2318103796677,4.7912200545109,-0.398952229583379,7.01645542807243,-0.731988266596903,1980-07-01
-3.37252716286163,2.16393410747648,2.13589865633481,6.03631420084137,-1.19347788355079,4.01703062008094,-2.53023274323261,1980-08-01
-4.64284898652612,-1.23939437055508,0.470269383372681,3.15072658985523,-3.18326624874641,3.8843309492789,0.877167208630014,1980-09-01
-5.06498939044152,2.82396698903877,-1.60027185792897,2.29377196081449,-3.14921800145548,4.94267252205358,-0.45847930856855,1980-10-01
-3.82611311452147,6.41897458322063,-2.22624562460456,2.498350364598,-4.04088476606535,5.75490630071165,0.216610271413742,1980-11-01
0.155256330668822,10.6933608961728,-5.68620747437155,-1.32122819183216,-3.29696553558964,3.73817593164966,0.694390061592002,1980-12-01
6.58112504851297,7.34190493652074,-0.221711395736014,-10.1431211480428,-4.11843267718676,3.13870096315767,3.1873167787648,1981-01-01
3.46782002902856,6.32717450444936,-1.15903822348338,1.20789384182891,-1.14006334292317,0.223202460226147,-1.08212232438993,1981-02-01
1.18126426519005,1.78674181186252,-3.86794250456387,-2.80968420807103,-2.11071747937257,1.95500761310577,1.28976435520486,1981-03-01
0.941852255068371,1.84880940829986,-3.26421284080019,-0.732898405268668,-1.73113642956499,2.2303001582558,-0.629764450855584,1981-04-01
0.967534354381172,9.51494635568453,-3.19493212289961,3.29840623044558,-4.46932573959347,3.64173552347044,0.804695475661011,1981-05-01
7.16203422233057,3.74289940164522,-1.23541957682879,-10.9483569051306,-6.99876987646264,1.09806135111219,2.91584549426599,1981-06-01
0.77110135480448,10.8505387837192,-2.50380433314222,0.216390699536236,-5.58874498360666,4.29306574968174,0.512927678295017,1981-07-01
2.83238774599644,8.28612850960498,-4.76588872467022,5.01882846919688,-2.99240922475319,4.60446476912354,-0.752795816914761,1981-08-01
6.2215269342819,5.03615773706128,-0.430157932758815,3.14360439379592,-1.23877908608822,-5.17950958778073,1.94998435445765,1981-09-01
8.58586835210853,-0.506155084606828,-3.2814832795512,-0.837171538367085,-2.41990255784544,-2.48432868337383,0.637224582233703,1981-10-01
9.60744411836366,2.75327238181201,0.056590384928934,-2.26331759686306,-1.55867569861983,1.70059277702982,0.862727662894828,1981-11-01
9.50819127438733,1.60163082504138,-1.42099596653924,5.53172271700638,-0.230050797215348,1.55099219463333,-1.19587827798918,1981-12-01
11.5441224555799,2.90084342156777,0.634623064080857,10.6777042425011,1.92229290488389,-0.264766703851568,-2.0624042656919,1982-01-01
-1.55595943825169,-2.97022382075895,-1.59404977712951,2.21182064047065,-11.448231013981,-0.0416525702595427,-0.623186694931223,1982-02-01
8.88953318105892,-0.609394142492353,-2.04195471750583,-2.55132435704566,-2.77012135525189,-1.71257759590513,2.52137541432258,1982-03-01
8.90344849989292,0.201259719762253,1.17411547012604,0.288693960599886,-3.97038096542795,4.12342267713485,-1.28217178331846,1982-04-01
5.53887377371548,3.3848936610969,5.29757819169147,-1.37041817745044,-3.4568678618417,1.66730842112763,0.2729617203054,1982-05-01
6.32011827346608,5.78434186013423,1.2148924893169,8.51909949655709,-3.62389466912716,-0.43515595191683,1.30674325771296,1982-06-01
6.16469694997047,-1.23178607791392,-4.21721764580375,2.95967940458159,-1.74185928327896,1.35792786074045,2.51857545959648,1982-07-01
8.74380044762258,-6.34607656977856,-0.540771837911131,-1.75737700585286,-1.20950928252124,-2.87482164003275,-0.329295402508649,1982-08-01
6.91575956849273,-7.26816785305578,1.82366979806249,-3.18719296838047,-3.1050691388357,4.03353681688659,-2.10425976254022,1982-09-01
10.2176937206969,-4.02031926602443,5.06993725128781,-4.06566570485051,-2.08846462013231,4.0003586555937,0.0502548413939091,1982-10-01
5.26779783134322,-3.7146724349078,-1.46232199693769,0.764980120702158,-0.841430229974515,3.70998212902771,-0.250125059302663,1982-11-01
3.54880151175653,-2.96839615754251,-1.05338626528931,0.899027715810811,0.989868586614066,1.74305696475758,1.40622917048548,1982-12-01
-4.94679046019809,-3.31360478053557,3.93026416498562,-0.61567410025497,-3.88844316348401,3.31106334080614,1.99411428397237,1983-01-01
2.54318744683954,-1.83643322273693,-0.885735846936422,3.55298377220587,2.67932548621695,1.61516294358774,-0.336463896179789,1983-02-01
-1.99345443615159,-3.61059038476679,1.65815772845817,-0.0940438364310031,-1.67484977492568,2.8348129385744,-1.26084207230236,1983-03-01
-3.82404366798699,-0.570773617816734,5.35752149249788,-1.57819688465528,-2.35746773954828,1.40812901435349,0.816924175003105,1983-04-01
-3.48007529378754,-2.82166809841031,-0.90950489910772,-1.0136506130675,-0.585912712832307,2.40153109307322,0.427505950173497,1983-05-01
-5.33785966384947,-0.362531190479712,-0.529209144494707,2.04353680988477,1.40518905827571,2.73238380615512,-2.36615749007362,1983-06-01
-7.26246160213432,-0.503467836859271,1.07205649996253,1.25908968355426,-0.152608530424393,1.03071781366473,0.219029012499678,1983-07-01
-2.63157056453766,0.251150220421445,-0.43109129992607,3.28958579905775,1.12467652599453,-1.17032887018994,2.46047927893177,1983-08-01
-9.0124213725516,-1.5209448768015,-0.534585649645335,-4.22706046179519,-1.35043684365941,-0.785699070648293,-1.76581628116736,1983-09-01
-4.06572982651704,-1.8313145747525,-0.186066941865904,-2.73615970323925,1.07479785552262,0.0952205876068948,1.39414300795395,1983-10-01
-4.4248864319383,0.935883006014213,-1.0690928243196,0.573157013706402,1.85114794889573,-0.280992219061092,-0.531071641784866,1983-11-01
-4.00655984953759,-0.455268363255401,-0.428395796970944,0.532363717485013,1.56302449672048,-0.237484764970983,-0.850798676660298,1983-12-01
-7.59664089979829,-0.687445939375471,3.88406479838408,-2.77040239459141,-1.92356049508951,0.481460266324364,1.69331296461308,1984-01-01
-5.99151276017643,1.8439382675891,-1.42896890817023,-1.43469409924557,4.7350641453424,-3.64840190341217,1.00899369584757,1984-02-01
-3.28413222512268,-0.010578658419957,-1.850044742111,1.95284933482848,1.8523124531817,0.0670088569299581,0.547874610320801,1984-03-01
-3.46047640695363,0.308977784507573,-0.0710803477877058,0.37021163499599,1.78998103500856,-0.281361444327195,-0.999791408661515,1984-04-01
-3.88401954016624,1.00845826477556,-2.06901453043202,4.17087115293471,3.51168591440697,-0.000993829741590103,-1.78343540708019,1984-05-01
-3.44228611237704,-0.846416514546524,0.028823200350646,-0.789561019866301,2.57788105554654,-1.69322215740925,-0.120852835162948,1984-06-01
-1.20436035815625,1.12113225241782,0.38682518036117,0.134903454573572,1.09614023815312,-1.84475750232725,-0.0646716766035666,1984-07-01
1.13474123810043,-2.75578116752613,0.44058291044357,-5.23407902080665,0.786761997784597,1.48820219722108,-1.22263913245526,1984-08-01
-0.116010833455203,0.398260196368856,-0.561629881588429,-1.73106920343004,2.18611343670285,0.391764902896076,-1.00311237978275,1984-09-01
-1.36910684911278,1.36772451010677,0.428184770706237,-0.0653049214223227,1.78850465029086,-1.66511133741976,0.479112989088565,1984-10-01
-1.84247393672644,-2.98131910205316,-0.181924850930183,-5.35674303190623,1.38703670857144,-0.890572607277241,0.681816453498721,1984-11-01
-0.980594795407116,-0.370379055873775,-0.420475954851459,1.65641440966506,1.9054896524375,-0.530270484795376,1.27685656260913,1984-12-01
0.244823543641063,-1.69622990083083,2.10413756794299,-1.45271333775569,3.12888101938987,0.818000079093358,-1.7590766143404,1985-01-01
-0.442855510769985,-1.24992512167689,2.73577780115091,2.4102001468235,1.61389485552443,2.97714980158432,-2.27905451347891,1985-02-01
-3.55894168256712,-0.419544851249709,-0.681073351307217,3.09663993910755,3.59082448103836,-0.753948979154565,-1.17471682220406,1985-03-01
2.13771201411443,-3.25846313231361,0.611358991402964,-2.77402647827814,4.54990597639359,-2.01723297760418,1.44459184626055,1985-04-01
-0.915089663681308,-3.74862473444438,0.0708870967776882,-3.23616061762145,2.29304833048205,-0.12785273407675,-0.188384914891131,1985-05-01
1.59310731890398,-3.08705804941322,1.45523574793491,-3.68621747643308,2.004460450591,-0.771907165241513,2.307551299824,1985-06-01
1.47124692880412,-1.91054710586852,1.11364800235935,-0.840210333753106,3.68729554024662,0.476445185077549,-0.238440384937849,1985-07-01
-2.34563453364554,-0.827286571325219,-0.157660141628293,0.259702775942612,2.46533763189201,0.384049157927445,1.28513990542513,1985-08-01
-1.57610937730866,-0.584718260541584,0.522583422181924,0.375660686975667,2.49273764846083,0.432769740003554,0.316586771864368,1985-09-01
1.22416629067544,-0.127611133048228,2.79104943450245,-1.89435140272281,3.64136973142322,-1.42298043363259,1.87594694751353,1985-10-01
-1.41746143454043,-2.80769608652126,2.21310630520716,-3.19557154514814,0.692431044290055,2.03397766739297,0.664346037178111,1985-11-01
-0.872234796194998,-2.88645140118405,0.0135474501961716,-4.24500232226397,-0.167713965050301,2.14545301875814,1.42820490301967,1985-12-01
-2.88893404802236,-0.508615676629505,-1.57359264155539,-1.06404490785359,1.07719479947652,1.8193324139475,1.27558140978678,1986-01-01
4.21501858633757,-3.58750641455347,-5.49203114816463,-2.4107391311303,4.02080516580452,1.43954323665614,0.651978431483358,1986-02-01
2.45461663761015,-3.92289616996956,-1.98194365575727,-5.72978020586665,3.37847527425985,1.70058442479646,0.563668820820936,1986-03-01
-0.855930665300776,-0.756562871540612,3.06294339054122,-3.82608848599882,2.14148911923266,1.50079446470327,0.9775598549562,1986-04-01
-0.757236036376612,2.8384099980936,7.52906668054411,0.8417378651885,2.08016228125776,1.27984298797913,0.544572455002415,1986-05-01
1.76902553819778,-0.988935613451172,1.68961046338194,1.08777370643942,2.34033130126937,3.19672082663505,0.536804949477561,1986-06-01
-1.98570749832618,-2.06391698920458,-4.39721785564423,-3.29617861351587,2.09069064597112,-1.28405049074278,1.97037623378355,1986-07-01
0.0479461095108454,-0.0542130051809755,3.12160940876827,-1.41043374020018,2.12370791483274,0.747715227276161,0.907831893366363,1986-08-01
-2.45902782061555,0.591803044249684,2.0669589183082,-0.0591465977227512,1.30834110056722,1.03280121095942,-0.74926179690664,1986-09-01
0.15986666856085,-0.839953807661072,-1.87102620274673,0.209928278873661,2.39746763799199,-1.92250985347407,1.93408761390379,1986-10-01
-0.758686793958933,-1.62294236546394,1.03053178008687,-0.811063873216844,0.273543845968203,1.74603505121981,0.666557761220499,1986-11-01
-3.20583159009103,-2.91308635479362,1.79462537054736,-3.90000594434727,-1.0352472474529,3.07618271151477,1.65333198134856,1986-12-01
2.90860517577407,3.03816240159612,3.56628901160034,-1.72979990274908,4.1108514506216,-0.0889849657852473,0.653726705295158,1987-01-01
-6.14705411953816,-1.75702300010521,-2.03018375294313,-0.828795759515611,-1.3879894137452,4.6300905692282,-0.27388596072835,1987-02-01
-1.02507931128546,-1.197162397397,-0.71745847664869,-1.50518903166347,2.07994966742048,1.71458447176406,-0.530077464593442,1987-03-01
-2.91392489119097,1.82815376601918,1.23159390386292,1.14487032060965,2.25025452795453,-0.30275866237699,-1.16472550732807,1987-04-01
-2.80758989016103,0.189806849334131,-1.90077476174617,1.68449007743739,-0.0449766461207458,-0.25189018129767,0.275754433202679,1987-05-01
-1.11779600842094,-0.104961418195887,1.61399456750862,-0.545492132165407,0.159238535042055,1.57180075266926,-0.551149803102612,1987-06-01
-3.68431264693611,-0.638106810567944,-1.23806595046281,-1.32058290324337,0.237002229723579,0.424969894951352,-1.48086489881776,1987-07-01
-2.6989045615032,-0.530509530195515,1.9090787102647,0.744665237227268,0.157309233839844,2.70287549601553,-0.565686324869497,1987-08-01
-2.23659416244136,0.353646111441179,-1.48334739457701,2.70941010407703,1.93637230828233,-1.32713659256084,1.03390111318026,1987-09-01
-5.48099257541451,2.21994481328579,-1.56204066178008,1.14636095955877,-0.798831414302022,-6.31219467624347,2.83457895802329,1987-10-01
-1.46084009266407,1.06089395638298,-0.424354783780848,-1.48599889179522,1.64116490824721,-7.16601259360239,5.21578346133523,1987-11-01
-2.34455747383852,-0.898596433942548,-1.70758431282384,0.256565879988991,-0.102318215328051,-1.90370115932812,-0.111584259640884,1987-12-01
2.32572220854031,-1.58327714443609,2.75474788924849,-1.61107733551048,-0.122085111520613,0.101522682397798,-0.301463222424811,1988-01-01
-2.48133875867272,-1.73788589377538,-1.58870497582737,-3.55398655905969,0.0343991186259854,-0.41858206537188,-2.21580883567308,1988-02-01
-1.78259782666356,-0.286578856407793,2.40832470162627,-1.03256981375112,1.5022996931936,1.23470105506449,-0.646178984510496,1988-03-01
-3.46267559280852,1.39934148554437,2.44482499604327,0.716231022944007,0.831095709863129,-1.28754761437941,1.13113987244367,1988-04-01
0.500105864458298,-0.0329019068926174,-3.15317762316649,2.40866910931253,1.51159409262569,-1.30290294065629,-0.5277756718755,1988-05-01
-1.99881403569774,-0.416916866077876,1.36935945392548,-2.38996524750622,0.617749137314528,0.940885938648629,-2.50738050956553,1988-06-01
0.33255824882747,1.45613744679585,0.547654926306968,1.23833472622436,0.538462027020384,-0.278284717405706,-0.975757985564114,1988-07-01
-0.391555184892314,0.661745929714458,-2.19914599490377,1.85302745567645,0.221274746332174,-0.779178983513096,0.382104450849467,1988-08-01
0.163608345430023,0.028354392668779,1.13831099583214,-2.1528775252725,0.688456784668747,-0.604805515142823,0.294151687421641,1988-09-01
-1.96622983557503,-2.09858850170023,-0.83511422682032,-2.96514939644545,-0.371308073178553,1.47920974300425,0.56578362840201,1988-10-01
-1.55172731430887,1.60346816973072,-0.497401390148389,0.0594051994333909,2.08217617535734,-2.02861164239944,0.735669534150773,1988-11-01
-1.95400958874367,0.605414136338801,0.586764499844743,0.0199724254212658,-0.428596070099088,1.51228735062536,-0.593303069437669,1988-12-01
-1.6930521651716,1.36513905186933,1.53687755789826,-1.92896769927052,0.22993787000587,0.225219845803825,-1.70524726389838,1989-01-01
1.3514607759184,1.13701599617346,-2.64773700024132,-0.947502121778748,2.04981459829047,-0.930810855835714,-1.89178271290584,1989-02-01
0.318067806140317,2.31779877239195,0.402562341655493,0.117659374381249,-0.988582726486167,-0.30119345309749,-1.26885695958171,1989-03-01
1.0267658654563,2.14753815926752,3.09196275753289,-1.96703925006719,-0.995971725237362,1.41781343568945,-0.189168804881074,1989-04-01
4.55956008404338,0.545682304780882,-3.88065617676109,-2.62617987678361,1.23352241161383,0.205056000753974,-1.39520119053062,1989-05-01
2.61860715406917,0.0233835637613438,-3.19885697518791,-4.44032158605404,-0.705568185905683,0.483096023509362,0.893909533409682,1989-06-01
5.71351000960638,1.29846562594642,-0.289816033535928,-3.22752474211832,2.49300433383438,1.24885143066906,0.531324484937504,1989-07-01
-2.03877532123844,0.334579449618067,-3.52100021606304,-0.640306463345998,-2.62327216326257,3.13052625799276,-0.0696211780905787,1989-08-01
3.12484093601157,2.75573057585796,2.83067967886775,0.0892195763255869,-0.948160206142359,1.06015360307009,0.308032026683471,1989-09-01
3.054875335802,2.14732520318774,1.70930581520226,-1.31983728862471,-0.000761338570823555,0.217346948518916,1.64600391949209,1989-10-01
0.420857228253828,1.56977043510472,-3.03694216785149,-0.670652951887401,-0.856009778530941,-0.0816045111156307,1.06618867218989,1989-11-01
0.640154139837139,0.344293293984345,1.10920319202933,-0.473112111550179,-2.26355526293077,2.05627995037026,2.34501038660336,1989-12-01
-0.037424640827052,6.19102965073211,5.68304425779553,-0.677338747761005,3.84955544824587,-0.529616163616319,-2.75147775060213,1990-01-01
-2.28409282906873,-1.38451956140176,-7.54616905303786,1.84548485876659,-2.07456924224927,-0.331425136413871,3.20213169185724,1990-02-01
-0.459793982478132,0.0153730909172282,-0.521909799861301,1.36286957605834,-2.16088117300916,1.82497452781039,-0.748104618685765,1990-03-01
4.20970909691162,0.42865577231779,-1.58445595889757,1.10309374068024,-0.164297034028247,-0.949800608628735,-1.02437371953002,1990-04-01
1.61747896932313,-0.308576992489931,-0.306073880734615,0.631533179353457,-1.92732724587335,0.16509297668153,-0.301859959652954,1990-05-01
1.70966381332083,-0.784433852820523,3.28290408766646,-1.08143494787981,-3.25763864046223,1.14028186826475,0.783538267131085,1990-06-01
4.49562696060292,0.382185585640722,-0.395064513881748,0.282280047091558,-0.797577069817697,-0.0243371563181533,0.429252544580904,1990-07-01
3.26352354940403,3.80827441213822,5.37091664818411,2.19757651657455,-2.40916884136971,-2.60981157184045,4.3442409680203,1990-08-01
4.39016678673516,1.25994512793372,-0.691016066740047,2.72179593547724,-2.91454519657868,-1.89310117706421,2.5774533563563,1990-09-01
6.50145794806838,1.45575045784486,-0.720399831809345,0.881885880590882,0.0323375052795561,-2.33837529678497,0.571244847788968,1990-10-01
9.73765358344764,-1.98369812736,-5.46871757388492,1.01518714101144,0.503346275880111,0.0606681941838131,-1.07594869836886,1990-11-01
5.68507533980948,-0.637898252581028,-0.666853024045632,1.14815925635792,-2.1723487409263,0.73287930909757,-2.00759852287454,1990-12-01
6.88449864867667,0.952804339019976,1.79623740167271,2.37898888831062,-3.24502084678997,-2.20927958180838,0.531463454076247,1991-01-01
8.06618510957464,-4.7793860667623,-2.68590435893597,1.04864320682718,-1.92132169029742,4.10598897423352,-1.98272567670991,1991-02-01
5.83462250167872,-1.54336733989249,0.909040635913491,4.84592863214285,-3.32965732292792,1.56682587666291,-2.1594858390264,1991-03-01
2.61942307788036,-1.80927347403432,4.01109728269504,2.84725145554527,-4.31524359435352,1.42150570675381,0.46927676464933,1991-04-01
1.23597125164503,-1.67102986270007,2.51449116453321,3.17716704013323,-5.36607682605634,-0.100347873951319,1.41351423788968,1991-05-01
0.465006877875035,-2.62334348003272,-1.39599211319747,4.24445257187908,-5.02536465590624,-0.0727634611916951,0.0690095971166984,1991-06-01
1.10636064416971,-2.00179760374598,0.31227316483652,2.32190654188286,-2.46266070607619,0.00635972098858802,-0.0897066059851632,1991-07-01
3.45074805850553,-1.84366696460086,2.45011702603246,-0.294826966043497,-2.60915980517003,-1.55958678339639,-0.405328133617697,1991-08-01
0.266100661228834,-1.86629713264439,0.838673930662775,1.2793777607883,-4.4555427238216,-1.27287604622628,2.00162982585043,1991-09-01
3.9999639962051,-1.88421781893397,-0.370522556591362,1.70074524089111,-1.69780686449018,-1.55519441831863,-0.0925949420087572,1991-10-01
3.37340355701459,-0.907389798609539,2.82651564998682,1.48237544896992,-2.13273049352459,-1.02807340322435,0.39256915543702,1991-11-01
4.99414924756811,-2.28746561352376,-1.11261156486534,0.217940676357532,-0.347046405865459,-1.84661300749002,-0.061835919428328,1991-12-01
3.9110964721261,-4.20072992200679,-0.594774667897784,1.00893495915008,-0.522813773964459,3.13300647760323,-3.58241461780984,1992-01-01
-0.213292842137352,-1.27390461606003,2.72472811629259,3.97327112600933,-3.68849296591383,-0.23698589413346,1.26384104116819,1992-02-01
-1.65024512452263,-1.26655631803819,0.909823375778392,4.6513609721271,-2.82655368238542,-0.148346036288901,0.0802382470064864,1992-03-01
-0.599763558139451,-2.39801089920845,0.346360716833734,1.76626812343178,-3.03006020983695,-1.8421272556815,-0.485436950181496,1992-04-01
1.02518586107153,-3.48365439467413,1.49414944227298,1.13481635532747,-2.85687843845997,-0.597439041079058,0.564775253833579,1992-05-01
2.40485724467465,-1.58063638274013,1.39670420012586,1.83400349509627,-0.995603810650859,-1.93033184593503,0.246414630471242,1992-06-01
0.0111108619393959,-3.53607794967702,0.696354397760719,0.0256354995571372,-2.81783647823455,-1.39049943668109,1.39147894797401,1992-07-01
3.37042359300469,-3.04862126713551,0.549855083397518,0.844291880983154,0.172391672232995,-1.7224237968853,-0.421875230957852,1992-08-01
1.97014300593298,-2.3570945742114,1.17257659319706,1.23829305231028,-1.3355523168021,-1.04642846216775,0.0995681938557046,1992-09-01
-1.58074928228362,-0.636617176597979,2.089768422836,4.25462451048063,-3.23023631594462,-0.265364269242826,0.80162170698345,1992-10-01
-0.548840725964804,-1.94360262984052,-1.06270546249442,4.7131276292554,-1.02155221446999,-0.000337787927546892,-2.62881554068117,1992-11-01
-1.0354962184199,-3.9108584479396,-0.478138858175633,1.50590382133043,-2.19446775577429,0.424527353681787,-2.3414058672698,1992-12-01
-0.236270116946507,-1.5781908485594,2.69402182972732,0.891338401179597,-0.637286479360838,-3.77387092041673,-0.0893547607154112,1993-01-01
-0.660788921623367,-2.76837544403887,1.17130355593331,-0.157500712052496,-1.27264096319246,-1.78395125758563,-1.3546258116984,1993-02-01
3.39025353979862,-2.33359890361753,0.207132640485354,1.06303593148832,-0.430983455893241,-1.79371667827892,0.222423032965134,1993-03-01
-0.823811459295459,-0.916040897072719,1.95127085399418,0.458355715557032,-0.684998032948478,-2.15269087846506,-0.014243977609719,1993-04-01
0.874749284788052,-2.05732090630378,-0.27823330413033,1.00239206003936,0.877409313396511,-1.25369587341344,-1.84257639621144,1993-05-01
0.980805667525127,-2.50288977388204,-1.1831763699065,2.22839176143329,-0.117056556440055,-1.02659257064534,-1.67214886493424,1993-06-01
-0.65969375642249,-1.3214426003636,1.55115879494068,0.347215279320739,-1.10109587114833,-1.9283903237686,-1.50408126001394,1993-07-01
0.912461715695454,-2.15916458642716,1.67254517552017,0.517611158963915,0.154509637428855,-0.567018480640485,-0.656007540082288,1993-08-01
-0.839330942783053,-2.38453782213142,0.100887648439521,-0.826434254187938,-0.944428182456955,-2.04163325754934,0.83823524501211,1993-09-01
-2.33284230460929,0.30300944244052,4.01969132847946,1.18407620129797,-1.18402400277306,-0.628429553634087,-0.442533930911873,1993-10-01
-1.74579373526339,-1.6013683646335,-2.03357757076155,3.10779724291753,0.0932525326014758,-0.620735447184601,-0.833660593153806,1993-11-01
-3.50487311477002,-2.18537505323894,-1.63857143916468,0.231265077719127,-0.433846755033622,-0.672947763000272,-1.3142256988401,1993-12-01
0.294914928118921,-1.48799779802864,1.33162175793381,1.09286797850332,0.299413640212191,-1.41738883928375,-0.138488459758423,1994-01-01
-0.536027644493596,-0.590841981404096,2.09273633793958,2.51018302297333,0.177232524188908,-0.322684689003298,-1.3590733774455,1994-02-01
-5.31920352458233,-0.435225285257523,0.493008428289869,3.46151165826166,-0.30132403046061,-1.52168487333814,-0.778675382267413,1994-03-01
-3.3842590895842,-0.81483252155465,-1.06295572947523,3.58541566252154,0.567296316218289,-3.13885928757609,0.196270454211354,1994-04-01
-3.10820626575809,-1.58371361262794,1.12093003296904,1.85506438046939,0.913786288990817,-1.9647719319292,-1.49840137640739,1994-05-01
-1.84653361229469,-1.26555056141698,2.36712516444452,-0.0492939147939352,-0.246901298297567,-2.19503597775688,-0.399457174077337,1994-06-01
-1.43572608085023,-0.670090954756101,0.899414790055674,1.75181679309303,1.4884959296701,-2.72394656991344,-0.261077215983697,1994-07-01
-3.16617159429025,-1.94967041656298,0.577455862018622,0.192729368018928,-0.899825910278195,-1.0896856429679,-1.64875223612171,1994-08-01
-1.77131098255979,-1.89493950918148,-1.75671193025177,1.03063126842286,1.89648379274748,-1.48591127003323,-1.17611736446008,1994-09-01
-3.83233343929312,-1.44035847777953,0.120179423917666,3.68812217403727,-0.900255217916449,-0.728241619329867,0.388633926078757,1994-10-01
-3.36567165269664,-0.347226965197261,2.14855905304161,0.775907039023064,0.597908832607246,-3.38350162365823,-1.462796640481,1994-11-01
-4.21641453851234,-1.78395206976926,-0.225801997328984,1.95665928646763,-0.397164921639214,-2.36244685981851,-0.630566327547814,1994-12-01
-0.779802905553474,-1.02534151573571,1.14198872399761,0.355127097443015,0.471215769973446,-2.84337709049087,-1.56541387180676,1995-01-01
1.71458408735607,-2.41128283389008,0.701615911312006,-1.51999637597766,-0.0165180008442398,-2.05412685783907,-0.701137326813191,1995-02-01
1.16284811355349,-1.63989283278214,0.111620494711815,-1.71687703467158,-0.260423713358161,-1.72812947002732,0.137385246332378,1995-03-01
3.40022565522798,-0.204919767500667,2.17526424606677,-1.3215576531149,0.278909288037005,-1.05416202839177,-0.678289980335964,1995-04-01
1.70721213176589,-2.33785217296717,-1.39800252333985,-0.549427691079193,-2.02803102885637,0.249638862206147,1.13010476256883,1995-05-01
-0.221157658871778,-1.30721196763326,0.225680513854608,-3.41648609976098,-1.09304515770565,-0.639923771304222,-0.0730651952409125,1995-06-01
3.17263879590933,0.18642953558397,-0.741470721775434,1.01154979182708,1.056859979809,1.3083228927318,-0.565514906422199,1995-07-01
-3.15984015750023,0.72811974207885,0.29672712333895,2.00414592015976,-3.3882938656339,0.932776110215632,0.67970586938075,1995-08-01
-0.682913427247243,-1.20331291717038,-0.341061810603987,-1.95589179147586,-1.16683421789645,0.119665684715098,0.533569666369802,1995-09-01
2.17728242881391,0.919586158976296,0.891728738912207,-0.68774888421649,1.35719316520725,-0.91942721301146,0.208060356291494,1995-10-01
1.18233659053222,-0.996847200627988,-1.27820640787907,-0.546409238396891,-0.729337534738414,0.811493396192279,-0.050322235807318,1995-11-01
-0.252386439338642,-0.2594622719503,1.82703647707016,-0.697390456558891,-1.68562913902798,1.96211611231631,0.911051539718389,1995-12-01
5.13963699390926,1.98478168440727,1.5917394483817,0.384955444862086,1.26705098801171,-0.352153316683958,0.929930951389373,1996-01-01
-4.24740675350702,-0.981174109425044,-3.00004983670917,-0.497242650929578,-2.71815191009779,1.76080326796327,-0.819689297128311,1996-02-01
0.631134280429382,1.48322660210822,2.03071008739957,2.14246878201519,0.633006102429577,1.66991928984975,-1.01532443536419,1996-03-01
-2.55638171844094,-0.0205675396774134,-0.292284794511338,2.47544303342418,-1.84516290112137,0.415083801513929,2.68576049558993,1996-04-01
-2.42024364234281,-0.723129761439813,-2.06742774748982,0.470054139051784,-0.201146166642431,0.162979774040728,-1.93636815184865,1996-05-01
-3.25035877286336,-1.58084992507309,-0.777487661326683,1.07191413216942,-0.361687881035741,0.356377040081819,0.392669054111902,1996-06-01
0.578501200547209,0.790437059640021,0.295895947396113,0.00724506599701114,1.31219259174574,-3.12525356818408,0.594307196365218,1996-07-01
-1.04782778876951,-1.63026499616206,0.44766549980164,-0.57592436174654,0.314949465584204,-0.0487458823208484,0.0421064248059478,1996-08-01
-2.41977649522972,0.0466442738959569,1.99977149684274,1.20073491766589,-1.21389599950447,0.640360956826489,-0.487397442562305,1996-09-01
1.07684035978344,-1.13058817352885,0.169653610887342,-2.04981761441716,0.840197903468674,-0.402197739536533,-1.80205161512694,1996-10-01
-2.15345276288035,-2.28121338944058,0.629389992995133,-2.43546223668868,-1.68468757329529,0.74602639993786,0.548146550131463,1996-11-01
-0.923635988066573,-0.139716322718897,0.106930285194067,1.13527598467266,-1.39862026536175,-0.583200226444404,0.279452467055035,1996-12-01
-0.0974575697166229,-0.537318564549421,-1.42830855611901,1.59218186914608,-0.0640176107405754,1.35705191004263,-1.66804408263859,1997-01-01
-3.71052672179906,-1.81918918137316,-0.930215336795768,-0.110431008294193,-2.23350306260149,1.43407731720231,-0.191373697786848,1997-02-01
-2.56135868742933,-0.266336516703221,-1.20590656252488,1.1610947989077,-0.476714080140378,-1.15137372221007,0.16616287633939,1997-03-01
-0.104859988211217,1.00962956568975,-0.245633761083778,1.69730266975741,1.5778500272855,-1.94781671597292,-0.236516026154184,1997-04-01
-0.815587285436763,-2.26383006284723,0.300248495431075,-2.00163085394266,-0.648086367099545,0.827265791996235,-0.399782401727,1997-05-01
-0.968358378150667,-1.32423423640799,1.66525016746006,-2.40819786185848,-0.566272033200551,0.918946064561713,-0.458323971657248,1997-06-01
-1.70628458814362,-1.7792922335028,-0.38562753587945,-1.61286021137501,-2.00075042146884,1.73713202496154,-0.618929505503666,1997-07-01
-2.50365756454702,0.202101812535263,1.56996724014663,0.652761352567751,-2.21860687583375,-0.0371441404354384,2.29109095644815,1997-08-01
-2.9010731959686,0.337028972376629,0.123220403509,-1.14711996486552,-1.09579785212537,-0.2596922441146,-0.460920480099288,1997-09-01
-2.88107409862047,-0.624240573813143,-0.88657457490848,-1.58839975943742,-1.40306591757367,-0.670437034849354,1.23970094047931,1997-10-01
-3.43754209742982,-0.490763862817576,-2.06584447501389,-1.55929846189971,0.127911013436069,-0.664376264827443,0.724893807929809,1997-11-01
-0.184320744072956,0.0713950091296455,-1.02945180389247,-0.180353897235194,-0.190348557594951,-0.089117973956913,-0.885954805830738,1997-12-01
-1.32600196650746,-0.446101664863429,-0.741550910435225,-2.42537302166832,-0.809204198669301,-0.611805712258305,1.03615187300766,1998-01-01
-0.488812363767883,-0.655437835316471,-0.0395991933745521,-1.2854160455499,0.750714981908539,2.12941929515741,-0.822611375684543,1998-02-01
0.769407905742104,-0.0436432118487635,-0.225000634876725,-0.462159085560165,0.995911073900149,1.78487655988445,-1.08735657700015,1998-03-01
-2.11093579447767,0.323579794432946,1.66776424361162,-1.3531320146782,0.689069894282854,0.843496946507857,-0.961851966777178,1998-04-01
-1.25448865408863,0.500216754976728,0.473004632073592,-0.149330795888381,-0.697469964097743,0.00103266755605753,0.342710118172633,1998-05-01
3.362294440669,0.063061280703494,-1.72981361142945,-0.713614273070148,2.25213250433261,-0.123468568121358,-1.30603197938855,1998-06-01
3.14325846112852,0.698930524694205,2.02456288437408,-0.651617618359277,2.41622323398426,1.67221382503306,-1.33306913269152,1998-07-01
-6.4198199048669,-0.331140710149038,-2.23895318241792,-0.0509920149970126,-4.801186752587,-1.66235349749144,6.29503394566168,1998-08-01
2.2169895491309,-0.0388475262528137,-1.4716801893508,-3.52352630631171,1.69150713590676,-2.27239867869326,1.79437075632642,1998-09-01
-0.828958424939641,0.827314980161689,2.59597254867476,-2.57569057272308,-0.189722707654946,0.533319797140691,3.04052482766326,1998-10-01
-0.515654384054236,-0.898197623215167,-1.80408518705427,0.73998129052651,1.92403685249436,4.9269763569677,-2.73837492816624,1998-11-01
-1.32298832790652,-0.46937124942511,0.824702748123186,-1.78792158579724,1.20331297791921,0.734918074858824,-0.318182298643381,1998-12-01
-1.10087990803531,-0.931942789173941,1.60353116541163,-0.465545839385769,0.513854847363026,2.34811073717769,0.250272528206992,1999-01-01
-2.03294231976865,-1.03435910260687,-3.33899005697833,0.592647285952918,0.0702406270422193,0.829486693197733,-0.450591233668908,1999-02-01
0.340520316461649,1.35112739407875,2.72692242733555,1.23489431613607,1.20579821055205,1.0044002294788,-0.0880716224960226,1999-03-01
0.114259017225436,1.5495207229505,5.94321173286341,-1.36951290618984,0.475033554082927,0.982540769442786,-0.587114266984022,1999-04-01
-2.20012315300211,-2.58268405481336,-5.7651714986691,1.95175403492828,0.308940216657084,1.29041696005984,1.15765905484508,1999-05-01
0.999276225279923,0.41955897832651,-0.777443252657912,3.12784356436473,1.70803288166832,0.0992343841928869,-0.927363007480449,1999-06-01
-1.37416863188755,-0.0378984013276521,3.80445182854188,-2.26419158345783,0.966257175832832,0.443606173005313,-0.4823537171859,1999-07-01
-2.08609254279767,-0.152527392769698,-0.552513506765729,1.32878634428609,0.509019224976249,-1.07586844048915,1.90985946040282,1999-08-01
2.15876629287652,0.649929424251094,1.82161635974172,-0.434099822779073,1.91688920732369,-0.785007597551184,0.377050590889447,1999-09-01
-4.36603609235697,-1.57660937110935,-3.45055339121209,1.53827061615224,-1.23502158540762,-0.179712078750248,1.5039091752964,1999-10-01
-1.47013710936137,-1.63001828413545,0.414363178046796,-1.53461154445299,0.488426441981223,1.09579864066778,-1.31665149868078,1999-11-01
-3.53543815516686,-0.163283963622157,1.08742679123128,0.716246270094659,-0.314535667749696,1.69702588393188,-0.832259477822079,1999-12-01
-1.02959903209851,0.0502365879106274,-0.467933199151177,1.05818442366214,2.72148713627493,-0.0636206009888706,-0.43739718864669,2000-01-01
-0.495040495291306,1.00496911779479,2.1498190493293,0.866973741489948,0.283728835637736,-1.97800043097832,0.509878756745193,2000-02-01
-1.7555043997022,-0.511966642961169,1.82128785757432,-1.55460698010268,0.193211690157303,0.547088641019399,-0.999692102129545,2000-03-01
-1.4171907956189,-4.32674477900631,-7.72473414402514,-0.958112077532277,0.296145697381206,-0.914881223164424,1.43704158874572,2000-04-01
1.95195431636093,3.36943817445652,1.9083337843699,4.21781883109629,-1.09749002471487,-1.21214001516569,-0.139591500059392,2000-05-01
0.248113587446899,0.69572619862789,5.28228652490716,-3.85628139103355,0.317953238026936,0.873249684929278,2.22699120288437,2000-06-01
2.5232210584534,-1.26200916898912,-4.42174909347438,0.238868473629802,0.475857414662357,0.447016651674771,1.16633448223633,2000-07-01
3.66133919955506,-0.263446714014521,-3.3555110363396,-0.0318383459128264,1.47910954326163,0.346072657414467,0.529399600192862,2000-08-01
-1.68970305058405,2.74570665644726,7.14984474784186,-0.440261020707638,-1.20068054128771,1.3123761347201,1.715701080686,2000-09-01
3.10331988908929,0.235709922767415,-5.7782753277104,0.974712286306281,2.16774231284867,-1.91284039538138,1.82598850608159,2000-10-01
2.00627272222248,1.84183262449867,0.422758128946958,-0.267281121651519,0.973361620610011,-0.587568473640454,0.876437249874777,2000-11-01
2.6020239159161,-0.257155777805909,0.449937610426907,-2.74743382448409,0.736717995321828,-0.496641570327068,1.79801346406633,2000-12-01
4.9993457118773,1.75804673954039,3.67271591700775,-1.78093919588165,0.876977452193213,1.30436237718955,2.86748532827716,2001-01-01
4.10742935356354,0.255536755570526,-3.71633215582411,0.834390766778846,1.87109318032589,0.825571306419417,1.0676079367335,2001-02-01
4.75574523651365,0.475262727130869,-3.01443759070034,0.528524307504526,0.752923094219059,-2.26487146997453,4.8151349115779,2001-03-01
5.16473727134884,1.7678934370102,3.60787884737934,2.18128323022216,1.19559853763947,1.70825698794624,3.02043104664284,2001-04-01
3.85430736792809,0.402710655778889,2.75588504067579,1.82315468424546,1.66992995530266,4.68716517483881,0.399184973934009,2001-05-01
5.60533962165998,-2.25662473050683,-2.64744477691679,1.60910565287842,1.60299170659545,0.627146439660469,2.09678423085289,2001-06-01
4.68023921040581,-2.94394378532091,-3.56472224586814,2.99337229979067,2.27735258617657,1.0222985226636,2.60307096607029,2001-07-01
5.49148377270495,-0.516588680028898,4.48106255132441,1.06614856264887,0.632447842060473,0.287626972784782,2.4924219738083,2001-08-01
5.97746184363325,0.370462656894762,3.7903131484048,1.61535307352417,3.06989630370671,-3.81441295219001,6.86586640472823,2001-09-01
5.23276023917666,-5.30577274063102,-5.60516597927204,2.1974943620162,0.351866020088072,5.91167529119229,-0.133128033665284,2001-10-01
5.50803635752879,-3.51622950915699,4.54181687681759,2.56614367397906,1.61636601466735,3.00836761778234,2.4779996821248,2001-11-01
3.4154917619875,-3.5721797995453,1.18675686665848,4.11532347701973,0.773796034793021,2.36712788988444,2.97626856054511,2001-12-01
1.16919912907015,-2.39432260984264,4.58997329478499,3.01557743151401,-1.3900330722437,1.11286442999832,3.07358919211394,2002-01-01
1.53234024331556,-2.3828102052454,1.34495895270257,3.0139222052629,2.64441605889014,0.332872813926056,1.18851875202749,2002-02-01
-0.154487968158538,-2.31258332132328,4.82789368651466,4.108328190571,-0.311810923224025,2.42392825510879,1.30763505975906,2002-03-01
1.51848623582594,-2.79074427712559,1.80939220101181,2.73478395363989,-0.149614248524632,-0.0241281247816919,3.01803031832132,2002-04-01
0.57274120767044,-4.7150381875775,-2.77320591904728,1.95664420520748,1.53190398356496,-0.813617025758678,2.9886163621623,2002-05-01
-0.870658795310302,-2.94938125357998,1.53546517052833,1.38163342578919,0.223070589759714,-1.97817575353758,3.79959878409564,2002-06-01
1.6385453520511,-0.871102112795098,2.14555632480714,1.32757594039586,2.51742866158435,-3.51842681498681,4.91039284558297,2002-07-01
1.81020628705225,-2.92050725507761,1.83876791196326,0.344623046222828,1.21673220142973,0.842615160718493,1.55293882883707,2002-08-01
2.58053899566733,-1.75828141222592,-0.261577008048371,1.20744048143413,1.93490898998635,-1.8424344105854,3.61247363192112,2002-09-01
1.67659335274655,-0.970345433967668,1.79984203714575,2.20768528656757,1.90163632296247,0.637174273101146,1.68882983247758,2002-10-01
0.486024611651478,-4.02717702057598,-0.0167460155871693,1.38028959233542,0.384357322098846,3.02353784247499,2.11259479457917,2002-11-01
4.19984019636565,-1.63633801396574,0.679061614358431,2.11505865497983,3.57016956605191,0.0981532221513086,1.93392638916708,2002-12-01
-1.74549217655852,-1.09846370481584,6.1276119144879,0.729593678163131,0.897378253634583,-0.00167255688649926,2.99989058795561,2003-01-01
2.74632025130373,-0.560143426309394,2.01519900446632,1.90317341369431,1.93846109380332,-1.94661275558358,4.23140089286859,2003-02-01
2.55581074874955,-3.68906991906652,-2.39163996175072,1.28751256587614,1.91893905764333,1.33283568326109,2.04452366298959,2003-03-01
4.52828156681075,-6.40501992721667,-8.24668489575956,1.95052191587629,3.99715198577824,3.16425796909392,0.00362853975137209,2003-04-01
1.51807175619607,-3.77052727942199,4.98500998624119,-2.45959256576836,1.9689423087039,2.23968412234415,2.41146305349948,2003-05-01
1.13914282219774,-1.5571157422666,6.70971653514452,-0.361137510903204,0.263106816069201,3.17303203616933,1.82210876408282,2003-06-01
-0.233226269654888,-0.463106817593478,0.897728120376207,5.50293372664129,0.678935535144039,2.62716538722614,2.15869870790654,2003-07-01
0.525336952666346,-0.822967166699973,2.89395798368943,3.50672091815526,3.23862130324722,1.2865043142014,1.12529359810666,2003-08-01
-1.44583945328037,-3.09806936225029,-0.448664607586972,0.757924210746585,0.88023717365328,1.07675080713783,2.427659144577,2003-09-01
-0.247295130433533,-3.65067437910533,-2.64383852457152,-0.20242521636727,4.11147132970325,0.234642318927781,1.95911335203675,2003-10-01
-2.2142420220036,-2.43574403219264,2.10920693885662,1.67682287830672,0.495092347489259,1.60724673309828,3.85134132359224,2003-11-01
-0.262156418330728,-1.37178738391815,3.8583328057234,0.646053933967627,3.11768704483174,0.551214739068866,2.05947993898023,2003-12-01
-0.21484999908119,-1.54583977749945,3.91637558036188,-0.466576180454377,2.68175325035833,0.869708204418925,1.37954656158349,2004-01-01
-1.60498609613899,-3.11895949199184,-1.64518055300411,0.973442364734934,1.27118300774362,0.148940988322153,2.9481986483031,2004-02-01
-0.719618393067455,-1.25298639234311,-0.218936265540038,-0.543711675984741,3.52346363368912,-0.290243578122768,0.987011953312918,2004-03-01
-2.5219465624625,-0.245898862197267,-0.283188126048556,2.61217565373953,3.30373566439889,-0.618265823920752,0.970549600745377,2004-04-01
-4.0016143956507,0.544014558143045,3.69249315950134,3.56816250491643,1.64791851279659,-0.286357308283789,1.91659668088101,2004-05-01
2.19455242464697,-2.04005937854468,-1.33622123291044,2.29248783165867,5.42995442392003,0.0791700374562685,0.406676885037647,2004-06-01
-2.90356320826047,-3.60972667222023,-1.36979508993146,-0.230798119296649,2.6224056179384,-1.17937295195363,3.46019373057588,2004-07-01
-0.669560429997856,-2.24654914303142,1.11234813133397,0.358376690554123,2.20867852037054,-1.13173848402288,2.79444006271548,2004-08-01
-1.03112690198744,-2.25066918968773,2.98968952142496,0.234526143282232,2.27148117124062,1.91292155500702,0.524113362650667,2004-09-01
-2.74901623293739,-0.0972337615422172,6.03817176139581,0.261664797950283,1.02681646508962,-0.039714102475206,2.23927354157845,2004-10-01
0.686897483951178,-2.45151509831303,-1.14752035707181,0.646734390419281,3.52870900621963,1.5001468673621,1.53567422064994,2004-11-01
-3.70080952194854,-5.67898447315974,-5.91204623028963,-0.202516177803306,0.240644971625824,2.73818828647845,1.51247954282407,2004-12-01
0.263914433409753,-0.0148024746610019,1.95654935307988,2.27991586187774,3.28981542754174,-0.903172794054185,3.53929779701821,2005-01-01
-3.25250261373972,0.0435964947551376,4.61804527300842,-0.368851202041366,1.34571843564347,0.585539576556285,1.24166827702587,2005-02-01
0.361126792136261,-0.111103170365088,0.656122895617783,2.27542644206273,3.86831852636038,0.398950586659868,0.748680174247278,2005-03-01
-2.15230271437486,-0.926101552062597,-0.457191824899282,-0.330283631851602,2.41071877196785,-0.485231813505537,1.37402932927821,2005-04-01
-0.14994368870039,-2.70909663942314,-4.26938718201497,-0.689122796438293,2.09888383354616,0.439758357014259,1.66451835333092,2005-05-01
-2.47424222058095,-0.827298240880703,2.53389524654636,-1.1119375896851,2.31303643745078,2.18404090373008,0.517920746907702,2005-06-01
-0.633247641934494,1.91877598805363,6.40852654908009,0.979561351613865,3.00754085253899,1.81618147457066,-0.973953922219355,2005-07-01
-1.30676629390841,-0.412150429305835,0.768176483441317,0.15355036645389,2.12790700878593,1.12101348596089,2.78088889723091,2005-08-01
4.02248904526569,4.07470040799575,9.1588230572302,-0.411720495187757,4.96345280846296,0.732254573190965,1.59982322510023,2005-09-01
-3.71701881233267,-4.45217274732304,-14.5089522634576,2.45597859249846,1.27783872699843,0.690442537639843,3.76425817494066,2005-10-01
-3.19819285602972,-3.97681815712175,-9.15496354210752,-0.447614848418036,1.99469198503236,2.60847498881039,0.393055216503785,2005-11-01
-1.49086600363139,1.74000302727349,7.40835168469157,-1.0863140776029,1.1165645975302,0.985479113620221,1.41408144102776,2005-12-01
-3.65373980149998,2.05774223991791,6.29029328532533,-2.29853953057094,3.25199108690908,1.37275560671453,0.971281259312589,2006-01-01
0.241423701558219,-2.26140329959659,-8.72879436768399,0.623278500230393,2.72145677902266,1.38768027737746,0.854266475840302,2006-02-01
-2.77489463297283,2.0977579937206,3.01942474533271,-0.473302713785559,2.33029332752028,0.918623689081599,0.484122722223386,2006-03-01
-0.840757343731961,2.50138996881497,4.73287644995298,0.253488164250352,1.5053257452289,0.559641248738744,2.31798109307125,2006-04-01
1.48839664229884,-0.432962858249735,-3.18497059614957,-0.107214027545186,3.05469999935027,0.085166155788828,3.02203725311658,2006-05-01
-1.24408006872302,0.979298658360135,-1.48688235576628,0.662023247516523,0.988811726870999,-1.02339322968733,2.19984219784071,2006-06-01
2.35057807971895,1.45644316027198,2.78199257047446,-0.175594022388225,1.22101167385738,0.23449539542576,0.152453690597552,2006-07-01
-0.874861291145073,-0.63301834746584,-0.290693747268546,-1.43138844653293,-0.275714446051142,0.91118274363339,1.94292974679332,2006-08-01
1.17538829812452,-3.99254974828942,-11.5626058236957,-1.90410825141986,2.15167082703388,1.46536733507252,0.0975765868023531,2006-09-01
2.04099905643966,0.335129745253803,0.0551514966909019,-0.429938386566469,1.25069804475938,1.28200075921825,0.0462702635582102,2006-10-01
0.761238720875365,3.06666998358336,7.26757102552789,-1.62782277393873,-0.290020886491063,0.57984612199637,0.327625511832042,2006-11-01
-3.33455655739454,1.92277420623611,4.36891704202327,-1.46892704856352,-1.44756695276374,1.70600940107941,1.70853350849494,2006-12-01
2.63824401180686,-0.117106795852318,-5.94459406730742,0.886179914255253,1.5295347316776,0.59811684498811,-0.635304888164896,2007-01-01
-0.745924711502894,2.0816098366979,4.08142338958308,0.123047088946115,-2.27688022814915,0.892886366770573,1.04610041330023,2007-02-01
-1.09404990295499,1.04850574846786,0.805516636640119,-1.15240923810894,-0.0487302895577751,-0.0341179495411511,2.16328418509192,2007-03-01
0.990395610652623,-0.774464657561106,-2.31909315657644,-0.242776040881901,-0.820688501095087,1.63677024776572,2.27215703717929,2007-04-01
0.912914672858342,1.42350789676478,0.313881608104584,-0.711866191608387,0.403462491765642,1.32505709718363,-0.778128982309292,2007-05-01
0.960527439175575,0.885099424318269,-2.6634090577368,1.39636736640284,-0.0671388584363369,0.566041576109313,0.836521121657361,2007-06-01
2.90779287797035,0.48527166970641,0.26750220138886,-0.25453405104031,-0.0235292024631752,0.385069844870052,0.953199541764859,2007-07-01
2.98155163836886,-0.696088357876766,-3.5208123543389,-0.0902109262997366,-0.514405961794254,-1.25643099359238,2.97338401955226,2007-08-01
1.58626012767015,2.62900703091722,6.18670907650139,-1.43845357694518,-2.03818504593176,0.260386420699941,-0.21496253348335,2007-09-01
3.45961184070297,0.223712493033434,-1.01899689606096,-0.945121495848798,0.342960689716101,1.3212766745469,-0.187419709416948,2007-10-01
0.891836120267163,3.60539278937638,5.37269679781248,-2.20860300783437,-2.65770549777781,-2.81200030773335,2.69803895261474,2007-11-01
3.34064820277281,-0.575293210105634,-8.88140173237365,1.01638284263523,-2.1086824944765,-0.394631831977398,-0.755383821406763,2007-12-01
3.48257945224159,2.21945690751781,1.40605684479553,-1.36191290286927,-2.29488169603992,-2.62077910222209,2.65204441105903,2008-01-01
