f1,f2,f3,f4,f5,f6
-0.4101417262060417,0.11276105885425698,0.30262898621066087,0.5589379844517804,0.40105859712262654,0.0
0.4477576448819076,0.16343672643986368,0.11847964258199772,0.040392166239717,-0.8233297607938687,-0.8118791190530062
-0.313456781180895,0.3727622186337134,-0.21094305284637122,-0.1015378580989717,-0.7231659846082406,-0.26955681811307836
0.11039771422303202,-0.1001775234986784,0.1586647157411189,0.015997973240677615,-0.588297891097329,-0.07662079242010211
-0.2609997294868362,0.49631267546609714,-0.1633992676104273,-0.04916940472306433,0.11970281318934958,-0.017936854030675888
-0.3490280948943294,0.21561276747439007,-0.4423052606806258,-0.43897688088189046,-0.40331602338671846,0.11292704334959268
-0.3107355072658801,0.25244462988493077,-0.21135624408699935,-0.11934212273343803,-0.25399605311452067,0.06109033647940921
-0.2925203659782764,0.05237817976338005,-0.24818502970988812,-0.052064892879647696,-0.19153358069765442,0.021520013325540745
-0.1831604676015761,0.5571509046834311,-0.28892591232574427,0.007912281820002282,-0.19399667486398264,0.06493071112850465
-0.5170315554510697,0.23375979633899632,-0.43641876577041405,0.32421543065698444,-0.11774417303944343,0.028576697747983965
-0.18871622069812125,0.5380307807014576,-0.6200224613351211,-0.2728245062360697,-0.21471981919771327,0.04302319373070109
-0.346552205232169,0.5316143227670221,-0.8393822114242985,-0.2421758329307454,-0.2671238082582864,0.24085501260359915
-0.3108994487088815,0.35894217439103276,-0.4856996371501691,-0.03294983740239915,0.16188101273652886,0.25206159085142543
-0.5139382813427453,0.1516338380165955,-0.5110619968590379,-0.019566464205749194,0.14018114783478447,-0.2816222486088122
-0.2613366402165945,0.06163868395640748,-0.21071535330601704,0.03657106595679823,0.2475935702266488,0.1188374703489553
-0.6873435463047406,0.13494766778331432,-0.24129435447207315,0.445663700421978,0.6192929952491677,-0.32777832707307714
-0.44118520655414895,-0.06934208412757427,-0.06667376757618432,0.46906898411795706,0.17314028954934924,-0.641277750067838
-0.08583535273837536,0.12042247620438978,0.03868342351081422,0.49740696801901807,0.2057299775612873,-0.4900992209787191
-0.10521199780735162,0.10761160629611356,-0.1699574308118256,0.6106535429415489,-0.16991241495448767,-0.5597163204731493
0.012368034152778876,0.10379839432889247,0.06902464486176176,0.22260713581295477,0.2769311640987036,-0.5825264028495211
0.25221329577043955,0.28204905416442305,-0.2188378894284588,0.061131457119519894,-0.33305106023499076,-0.4726953619199339
-0.22420272407443875,-0.14510033600567293,0.1530925391138546,0.3244874973599627,0.3668534591918977,-0.1855285327305474
-0.15008379967347005,-0.22975960925203884,0.2210330485029688,0.27936814603452703,0.3263142196961326,-0.5829142733532162
-0.010851917168560377,0.021673851477599496,-0.011078241760050206,0.35916318075199644,0.06854258512434591,-0.49387234276179853
0.3756415605782733,0.37057766383692686,-0.22840323721581177,0.1414887792415991,-0.5432358260806248,-0.3025572706385895
0.0007988066607980612,-0.20451095718990023,0.20592783740772838,0.4347096057816123,-0.0013890602324587858,-0.04902822273190742
0.02808329762852571,0.07601244280676252,0.17758287048204147,0.00597687970461748,-0.01974440747194628,-0.5138025122195071
0.2910284200076097,0.024692177522979572,0.28114093498914905,0.15638963012918902,-0.3573372874661419,-0.34770513069294323
0.15714455802973867,0.3924715175707109,0.02299060434524622,0.23215246237472675,-0.3230188089295496,-0.3008142414547576
0.21493709160053542,0.6024060203777827,0.13140834616616467,0.26774577437923963,-0.5270301303982552,-0.24647959292663033
-0.18933661855543749,0.08803003426329378,-0.00514890445235024,0.23570831781326113,0.3056314118267993,-0.18369241239121653
-0.012249182829849839,-0.1928807496678811,-0.1667960025191676,0.13235557202203316,-0.2891118145610003,-0.23884321724267313
-0.07137029521077817,-0.14957095808237356,0.015850376253182134,0.32430793466781865,-0.22598855208876273,0.02209686312627622
0.19906302258830283,0.5768409102221688,0.2320716590464353,-0.3122522219539741,0.045579086752987455,-0.1306606421285005
-0.19762923639008892,-0.3119897599159027,-0.21004049563790333,-0.01702051461397651,0.23554341649305163,-0.2506255374245376
-0.05850550939719327,0.06712598486695226,-0.16885977838772073,-0.1823458281948703,0.14652810749177897,0.0432162572385888
-0.27885101397375356,-0.1970618639620217,-0.112178397439877,0.2012721730789083,0.14167141483510695,0.04830481687219841
-0.1512201494748917,-0.02048812317853288,0.07122741139153214,0.13197761349427417,0.15424454117505582,-0.06553722441997295
0.041807349012709494,0.10336808271107925,0.10855020899410192,0.05351091811324765,0.03392162739810782,-0.15943317626183243
0.12320093495671028,-0.1920147382442301,0.18867286050364301,0.0545888534037019,0.15323392753649714,-0.1429492225475997
-0.04263931495306933,-0.1947863444317044,-0.038989599143782534,0.14882824578242737,0.08033040258221909,-0.24328351864127737
0.019903354553163152,-0.029977950910875246,-0.11237184206986606,0.16807378935404138,-0.012220692924496686,-0.0163421672336316
0.28792517054727496,0.15387919193127098,-0.016919451565761398,0.02223993758829134,-0.10917978372882314,0.06835594394331228
0.060871183287159715,-0.04137598977264445,0.09508181133531404,-0.04609867367404681,0.134968501310402,0.0440839250656986
0.1717282469171042,0.05309075372909414,0.21744250060098658,-0.10379574458573065,0.2073342280580374,-0.04445715028515107
0.15330775376851927,-0.27394956926697234,0.1444063456422236,0.22741811783690608,-0.10088583355158429,-0.14785392784275056
0.023896931779399277,0.08112615204950231,-0.028068594376534584,0.08648249560911095,-0.041086228024952244,-0.04273705524365755
0.09782643477031062,-0.06460534137844479,-0.0804480565006729,0.03280919763328216,-0.018726037045478316,0.04020074302087756
-0.06920285167781587,-0.05762916012358214,0.11134512136420747,0.014966757960764514,0.2253857891176878,0.03264776163561793
0.34431247209411286,-0.05735989533831398,0.24949339585218064,-0.10014693505724453,-0.029136727124641656,-0.1607558251450822
0.2542148197608042,0.022053434615576947,0.03884082642809079,0.06636211298832417,-0.2327222737862713,-0.16328275262316994
-0.28964154486580745,-0.1463582496948954,0.15151102952655043,0.2516221828021303,0.4137350050640748,-0.006073762362786336
0.011953308620765851,-0.04025540266771788,0.11979366845281342,0.062242431899603906,-0.015305283094970229,-0.312141502796351
0.0649029304525698,-0.03281998310475561,0.030050036737826982,0.13596741938623513,-0.17419665962654543,-0.1663030628544984
-0.0010087189221941462,-0.17106541620008897,0.13537778666141706,0.025003970406780797,0.20868659460331973,-0.029731851768578448
0.21893634820197108,0.05691164214263052,0.24328505012110152,0.11540552969569301,-0.18968584759020438,-0.2294795714160881
0.2773541171737727,-0.075862553841439,0.21637759932457845,0.18781841207249145,-0.3303057596275282,-0.18670211863029645
0.36165928189671454,0.4441684859558793,-0.2651590325187111,-0.34814255912940406,-0.49092210609947506,-0.07665097513307269
-0.3065332063369893,-0.43872648060595354,0.5794363918147103,0.6530919303434157,0.4514111965956864,0.22055694397432343
-0.12717279460627728,-0.1061217992271893,0.4097424738828515,0.4116636608831896,0.12063896568841571,-0.6663650029137296
-0.15903729085897497,-0.03676205651609613,0.3134691330836829,0.19701548111777584,0.050802571735749924,-0.3592433035663289
-0.010807650866326849,0.1192470010880112,0.29065398056800473,0.09764663613601753,-0.058386132268792065,-0.30832438576574434
-0.03498062722758655,-0.16431276312333631,0.3685428253206837,0.307294516240212,-0.0660579872207617,-0.2031592275722191
0.07310650628386717,-0.017117705172405604,0.32191930253864587,0.14301357810706022,-0.30146059991618135,-0.2582336352643928
0.0373475637466818,-0.1177487605633781,0.3490318397108648,0.195910309242397,-0.15430694103523468,-0.15617078124380593
0.052466909754423904,0.05105166777578823,0.3447257895515318,0.35806521027520866,-0.38213945461997556,-0.2105693463640873
0.0745400359599245,0.20167253594969564,0.5994146300277603,-0.00524804603571255,0.10031576824137609,-0.17649859968779896
0.08576272206898664,0.059974810202781836,0.27676356303050076,0.043457726259168425,-0.20513448523186115,-0.4388330553351824
-0.06934661440376308,-0.22122781299104974,0.17490144162012994,0.24045909408477822,-0.1076211382240748,-0.08993042493646439
0.01601601660290502,-0.16315176826898106,0.29008850759317695,0.19228039190844073,0.0407591480660745,-0.07864257823425674
0.13370672912605508,-0.03767606674396375,0.3192385871884359,0.1300780162501376,-0.07155975351935143,-0.1599926074873245
0.0819613317197447,-0.16092534370017664,0.4010052644160536,0.48854204017911523,-0.007840355366833002,-0.15254618985327248
0.09225746212177824,0.11461431736482956,0.41640777668415424,0.15802679244068693,0.05106744111972546,-0.18351552314838032
0.00013245942170039826,-0.07531509935247142,0.280076797212125,0.5003797579961937,-0.3869917899013563,-0.27922254278455877
0.1034966127890703,0.16366739613843,0.6595904340747181,0.3187859728543531,-0.07935554221444019,-0.14170563098536204
-0.03418888755788718,-0.037041767634081596,0.2791750176165499,0.22053583608658683,-0.3044751970206089,-0.4637914354789782
0.04633757897956284,0.5169439530120332,0.6420388548967544,0.2918283681259529,-0.4144896188295544,-0.2532181776760769
-0.06753272377030159,0.12240537090165365,0.6018963417750509,0.3216977992723244,-0.4514747495040011,-0.3959782993613262
-0.18607186296781986,0.1774310706625786,0.3968688689813631,0.42996875841499366,-0.39556055413721297,-0.286777194832605
-0.16454469086261914,0.4000226652413381,0.41295569246064334,0.5858652315285535,-0.5448996434288348,-0.08828415298810957
-0.47594482952977757,0.543041149232142,0.3667539320605015,0.4589128611728601,-0.07820698701444995,-0.04052510190194124
-0.717320124411311,0.33462146256294556,0.4151707292649265,0.4228387683954911,-0.283918548829989,-0.3375870217509367
-0.321398959703761,0.44082608013965097,0.22706668871116215,-0.05080740621306465,-0.48873447111294654,-0.48145445161361894
-0.479489080287131,0.2447781682461167,0.3228843532740393,0.13591670362827313,-0.5495001749627345,-0.11043227561239645
-0.45746080387559396,0.10389578941660066,0.29329905802102135,0.02886332603793218,-0.4111967167855983,-0.3518674697651317
-0.33510757280083825,0.2515244500115076,-0.12156981971850106,-0.10931012093491504,-0.5064359252218329,-0.4136616509297755
-0.34442300311554913,0.26069207983657167,0.059654944220336646,-0.08757825297394888,-0.3773376339900258,0.17868957816802986
-0.647271587003465,0.06692245275900502,-0.0612105085376004,0.20032204654963226,0.00451216274972982,-0.14747761559769984
0.002534180394122454,0.2740994100720616,-0.12518672921649265,-0.036194465910435084,-0.35376999470471393,-0.21105757668736447
-0.0867082585722605,0.07819746076982032,-0.08582687876043008,0.3071005478604877,-0.21407585964341752,0.1009744594471493
0.19318441679334863,0.38665692592448225,-0.09602188205932025,0.16042752575696484,-0.03302647281139037,0.13028280029880676
-0.14236595724573065,-0.11037012785199854,0.17226013878185334,0.4779751512378114,0.22852831442199484,-0.004858935664420624
0.0570738164554027,0.2889687108857353,-0.15264074259256016,0.01661594376168854,-0.0680464528410937,-0.41413399176459204
-0.12176287276808703,0.25094272231122894,-0.12360468189051763,0.3286858553832309,0.11719622617862495,-0.11115576067298213
-0.0021815595397695897,0.011188694041119912,0.3106856486833755,0.7336623113207508,0.08767849079535145,-0.2983404223878833
-0.13849641242759078,0.0455730925554057,0.1194967366347093,0.29581057571104674,0.28616597194754934,-0.5317586980029374
-0.20523932473097434,0.21341147455697088,-0.2804493800258066,0.06457892828375106,-0.2614533962038361,-0.37385352953609735
0.27639152875685025,0.123805661372759,0.3215676045499981,0.19738695717826477,-0.37052516693801074,-0.07971238769531583
0.10351651719311639,0.11926423566589225,0.11615895137683227,0.12917016146774862,-0.003375400568349264,-0.3298797271248123
0.14349581951675625,-0.1633848358347857,0.1646569725014402,-0.11667248906117778,-0.026852571196597647,-0.06122028729007025
-0.0784735006937758,0.002495525679334226,0.3051116768956597,0.2255404659554105,0.259451469970632,0.10815065024261615
-0.11378601275740913,-0.23397982016244645,0.1574952408484648,0.09001712108279641,-0.2770845057958771,-0.013270796929481707
0.034564897234035885,0.009081545238935443,0.2466722290362112,-0.22287027490539532,-0.28032467946245054,0.019655834808002613
-0.033338636854556035,-0.11061757737058114,0.3649556811712059,-0.06874993628214447,-0.2448725419016351,-0.027452508441102655
0.011876955026223185,-0.10436861244218025,0.20488503989035098,-0.1208052371735483,0.052147894938687184,-0.06174714122086823
0.015274337501108196,-0.2595986377285773,0.16203430932000407,0.09662091376418258,0.018600949251063925,0.05605927642128815
-0.021179619372318645,-0.12089800710146212,0.32508620639122554,0.14203699160728359,0.29942768038317114,0.14349610044973884
0.2927057182655497,0.269395593594842,0.270901159339913,0.12280750998054127,-0.004144620975898608,-0.08563851752695387
0.16461352426115425,0.021320724422031465,0.29976048137240735,0.2935365591179503,-0.17286788931038535,0.1007173792387602
0.038763622345762534,-0.05577101244354746,0.3432664304030941,0.10643821674736531,-0.0019092890470431417,0.01586410732526318
-0.03947676201206193,-0.2347967833528674,0.2802064866053863,0.34595604336839714,-0.2382375766321895,-0.01955312590763219
0.13015107648023475,0.08636621255268398,0.3418442506448797,-0.37801179635060644,-0.13539907406485185,0.11861480202541398
0.016380053119007504,-0.1266962734853656,0.5017876825191148,-0.43582655590848474,-0.06399828314432597,0.2621285363256287
-0.05415903993677151,-0.12315498112151325,0.6936617371165278,0.359983584574895,-0.15475752937117535,0.5309928893671957
-0.28147862695280224,0.3080977652648046,0.5637253646839214,0.24049004386653774,0.12949862271876306,0.4616221571466646
-0.22779814236745394,-0.10111846192631574,0.6164200895181171,-0.13670715020368968,-0.19898620791000435,0.20365170510994973
-0.3319888089468458,0.03796526590826865,0.16954606164131902,-0.056858422510456585,0.13064769065144055,0.2999152483014008
-0.22165727363987925,-0.07249823141926123,0.37872912514267776,-0.1473767522496981,-0.13976025104725942,0.6509091305120712
-0.1317294047191523,0.16148790889222656,0.036726611445281054,-0.205421115094124,-0.3128903956988516,0.3372331511832403
-0.03586913934401767,0.35260630339487264,0.2947254385602435,0.22854664370134295,-0.18164572910360927,0.6082834592037737
-0.1584079334255542,0.5495770580175431,-0.04356016157345616,-0.2744754921729303,-0.5741625202484338,0.4486073590446267
-0.4764805245080031,-0.00494587724036602,0.3444871564299197,-0.19453781745641505,-0.3608079860499668,0.5069527595719899
-0.41669670955685734,0.13116305255425473,0.17915386861860658,-0.31362714875679104,-0.3559471731466166,0.06278377478067715
-0.5445529027804801,0.16020961415425067,-0.09421347473527607,0.11184696589974469,-0.2185601942680743,-0.13416781433497382
-0.3313943466255359,0.8326915807835404,0.010575064338820033,0.24424461546856124,0.13385333653808446,0.43191495781898137
-0.4640883155679638,0.1689139313787852,-0.24032675678523127,0.008053707761066134,-0.009457428687374814,0.3347724923341415
-0.27406013057408274,0.018104263663323267,-0.0378259987280013,-0.08421474965241915,-0.12132733353910388,0.18691656964494777
-0.12816549884438602,0.2648739959114629,-0.35893925948259586,-0.30894474415002887,0.021021191066498444,-0.07519703952056356
-0.11379386231368137,-0.19229342339289796,-0.5599478419075072,-0.2067400551249207,-0.24946066399522443,0.09267036450479277
0.036356399154066715,0.30767920963577855,-0.8862495688917105,-0.6964835242767171,-0.30936356224728295,0.30260094088204964
-0.2235314126788056,0.10611756124335028,-0.4915301815090293,-0.4969843789984798,-0.22176890276209044,0.636524594186497
-0.5312372696225645,-0.8140878337640548,0.0649603058089454,0.014667229536474702,0.7502371423523554,-0.03606293812236708
-0.0804607445915429,-0.1274503804689157,-0.20315571022379814,-0.2906643287322541,0.32342046344516195,-0.6821687078675723
-0.016075267488122852,-0.23484841697122,-0.45445112584647473,-0.38205943748141347,-0.03318920462223171,-0.44550671025525873
0.13809634045291083,-0.20152202625388016,-0.3745529921791895,-0.2838557676037875,-0.029703464656903877,-0.2062587327428464
0.2360707763811501,-0.1424123640397026,-0.20150137861091327,0.08116953260105356,0.4531054392259596,0.021911550318229077
0.5082421567541032,-0.06096358663304599,-0.05018496768714828,0.2852971883051686,0.2285751523913085,0.16361107065295966
0.2213102184827896,0.07284258748938996,-0.2414875576861834,0.12028887762862475,0.4205450279974661,0.23733457114914427
0.4329666454041743,0.17058831390149337,-0.12198957960426254,-0.04647942412849839,0.31391747943464576,0.19774219719744657
0.4696044719377595,-0.10422667937653782,-0.14532374777951107,-0.31088866315638086,-0.3563684298893594,0.12194520862950427
0.0741999641590885,-0.45678075220649694,0.2766609462320928,-0.24487496500608996,0.35325942593009063,0.15701898701346018
0.059089871384750026,-0.3556734033850637,-0.0027630153792017956,-0.05601352292536052,0.10142569569806098,-0.35458314151890585
0.3177977731278271,-0.1825393852577454,0.09366882400927777,-0.12607941859999955,-0.07767926025401792,-0.11289901837103099
0.2773139576988544,-0.5838920044910565,-0.13439053113599775,-0.007047684763869223,0.20285380359934607,-0.08819187342775943
0.3674905260102078,-0.5775441609804419,0.191582134122529,-0.05835482651171062,0.4770518382208764,-0.1502775959670869
0.48632126547015403,-0.31480867554492814,-0.12999635137915308,0.14987743729943787,0.10392355903982303,-0.6310176069793271
0.7190104751856041,-0.023038375008688716,0.11880829554153806,-0.1390737576169313,0.3738835671409566,-0.20727241011754688
0.4467992867341761,-0.2773873658095445,0.017331052751572297,0.19167848441017563,0.253269286621632,-0.17994811178357273
0.6388820369374635,-0.24102017099623585,0.04336236920297087,-0.09605878900786269,-0.2828065819836064,-0.08534148777691455
0.6992609698478818,-0.1449180097640107,0.11038334145856893,-0.1518215834191121,0.04855710876059922,-0.05958284116063989
0.3512681054266138,-0.19257517918588574,-0.2734194532167957,-0.06040558905654499,0.0345817054397147,0.025298573925408033
0.4203184235247334,-0.4551381520407168,0.27976047184090486,-0.10743247457499377,0.4521878800634497,0.22993058378795322
0.5081964883849626,-0.36438510533734114,-0.052524611870506444,0.2711902169660916,0.23603406172179445,-0.16420739448923927
0.484126565307707,-0.24473404330766946,0.37269966734261234,-0.1263528959694123,0.43788675610720923,0.20156948607072586
0.42382113509726155,-0.6558269096469873,0.15597684090596714,-0.009944729876781435,0.14180961330568775,-0.30802587457976355
0.5845029891750552,-0.3993805947879051,0.28409624091099084,-0.03710190358279686,0.3195817933912927,-0.12073065138723138
0.6554335708817417,-0.442556494882842,0.24638792158675335,0.0499581353387145,0.1271450372332496,-0.03710478822827437
0.5576708331813017,-0.46468229803118594,0.5761240405347281,0.3036671780945232,0.014978344811300962,0.2037570627576054
0.5888396470088804,-0.2405022862626645,0.32679412679216086,0.15818211268596127,-0.12828150010385025,0.08522205932741542
0.557763579393191,0.08884659811431003,0.36671704445437536,-0.27369913483323616,-0.19508024558481898,0.43639687294404844
0.2930154448777685,-0.16464853131785598,0.48522479758713843,-0.1526859641877948,0.06607338275975194,0.2023496674162309
0.45193760943142386,-0.16022773284433264,0.4883538411967583,-0.08841131945922537,-0.09037100215078168,0.2710435368009526
0.16021570350138495,0.18110109055645035,0.7063557662709153,-0.39975809959171094,0.7532841112103653,0.5883259351309824
0.026153657749308813,-1.0010008346181167,0.042125204153011686,0.8329980874845413,-0.8249758154848431,0.814135291704847
-0.1970006331302011,0.44270191738951425,1.0891221138329852,-1.1119555708596454,0.7971786761994927,1.3217993256812877
-0.5582888812186245,-0.8636450584398857,0.5744291453281137,-0.31607942086030194,-0.23596004275554927,-0.04475167079472328
-0.10222726429414385,-0.20849872926942786,0.744224127556195,0.21605684249932855,-0.2821930303465068,0.1936358891285468
-0.04488170261177689,0.21532849316126698,0.7308949246933539,-0.1506616385908105,-0.6553910643336618,0.4568038618492594
-0.17295560568237692,-0.09447151201638307,0.27951616619543207,-0.014582729344313677,-0.5144300281287175,0.4181371366995174
-0.10022694739889174,-0.1308581844193203,0.3956712882227912,-0.2788601683953139,-0.5564188156670866,0.7361297641246052
-0.21317425399834347,0.07645922894604618,0.2600648119856732,-0.0943880853229978,0.48893974138138707,0.4173270047667977
-0.025843475732874654,0.5919522596774098,0.5864794462172817,-0.19687099527377544,0.2838669553881188,0.6813096507765372
-0.5735242040821116,-0.3741636973724114,0.6069637046042247,0.3105200549833687,-0.11853299418889936,0.7399918165132614
-0.6151079964402213,0.11968642375550112,0.7605106914715403,-0.45288349626787594,0.0702800658366933,0.6468945245309896
-0.708266188750332,0.22288369939532077,0.9303808945419352,0.054901599153609426,-0.391422693632605,0.5418669648608879
-0.6843697422405423,0.20612660632522156,0.34828728998972946,0.3996554156473914,-0.3562236545379992,0.8996496582183333
-0.6994219296224932,0.6087144476172781,0.6889594153951856,0.0821066386636688,-0.6551143929243792,0.9367400357901972
-0.8684930733565676,0.37567397223881804,0.3305954128744417,-0.42176798110850955,-0.4852079680245745,0.16694046121601366
-0.6184935233055099,0.578153209457136,-0.4122870797545617,-0.6461689354737643,-0.8802640558187784,0.0009402966042906177
-0.40439941523124473,1.171839226695159,-0.6740984635975826,-0.6803140066853013,-1.0666436441561329,0.8049514696760961
-1.0807877335345883,0.4555357390133277,-0.8934526256513615,-0.6633817151667774,-0.035946060351820366,0.9426771304394581
-0.936464699322997,0.4165328626159085,-1.0573309818793537,-0.9410328644139325,-0.12562751384756632,0.4188615869844309
-0.7887688689263023,0.5659854165101221,-0.8615716299594888,-0.13776107526918685,0.1651536096852501,0.33043484272965806
-0.7556347171987093,0.5078045991043267,-0.6538670331741695,0.49982114488502577,0.5265267753311971,0.14505467842818576
-0.47441044950041233,0.0818347328793615,-0.47469971991970483,-0.09465559220552777,0.04767790241627018,-0.022719153050707222
-0.7297268186958481,-0.1669157976623051,-0.5132149267722554,0.2810636787286785,0.2411324038083429,-0.4018927204567141
-0.3560936551208625,-0.05504978963491855,-0.17692724856275366,0.7604892197842517,0.3965687516046329,-0.15966281155826825
0.18908360150280845,0.7801639736254994,0.3753242648745443,0.43241179127551443,0.1884971593014778,-0.1172225261297283
-0.23304223961475787,-0.04075329369232186,-0.00919055407726213,0.6059440182540721,0.06309280005305304,-0.6306804181077719
-0.01877567930516729,-0.0994058480135293,-0.05993111622253362,-0.030956405264052356,-0.3127258221532501,-0.5097139095065417
0.029106180979857718,0.06106624632406438,-0.23706658578680326,0.013485108881875499,-0.2014385093888356,-0.603456959915866
0.03283663036691288,0.11563124389875346,0.10234066463794445,0.37899596171600214,0.13571928148069673,-0.4832751197429362
0.027176284505746745,-0.43996741732437283,0.08837253948835921,-0.15154787342604814,0.1147514767764687,-0.6912595107899315
0.3235030585597277,-0.03294258206443318,0.12536088861480307,0.06511053038416355,0.1259423096396775,-0.8294104152976032
0.3555945211648356,0.09766107380255212,-0.09292514418930761,0.2050213034343709,-0.14609264105902536,-0.5970239233392239
0.22686424056743557,-0.11308271156628319,-0.03912410608089989,0.12411008235508134,-0.3245807435728382,-0.3211600897568666
0.17645209100688253,0.09013776026443839,-0.18345833164827344,0.4200183694954,0.03231513896221047,-0.40744790939771697
0.05584787979346226,0.1802487510932537,-0.22937192521841504,0.1410806275344647,0.04406502808950896,0.008732921181030005
-0.03444981895120179,-0.08420471743216623,-0.1265657099303333,0.062433483638216436,-0.013254840050743465,-0.06455821047964445
0.08436544416713301,-0.009678705493057346,-0.04568341473000043,0.08178209314226671,-0.07772412213575314,-0.3493252025110895
0.2872111587458398,-0.14239981116318368,-0.04057538160194298,-0.03414160762943533,-0.15400930032579607,-0.31779113834379935
0.15424928801458176,0.126602665306784,-0.17077287263139052,-0.0326766651009867,-0.2587924444168804,-0.21359089745514054
-0.012884014482306,-0.17090135638124476,0.18247797739185273,0.1400334546989152,0.2534404839665533,-0.214745688013536
-0.021266049745235077,-0.4565740552938297,-0.044762728175766625,-0.08107466169059924,0.1361664672526893,-0.5320816335353009
0.4979603423376546,0.13900959336424046,-0.15043433792282881,0.1423440721304765,-0.13043507374590918,-0.3635609658537911
0.2911472234385094,-0.34939385939468426,0.10977274704044732,0.594266248256845,0.014093431277473312,0.07499370453054738
0.6486449487824832,0.03675428125049,0.35596079480660087,-0.046016306188607026,0.22834758136872113,-0.27496635208680686
0.4728646040642151,-0.2619120643439439,0.15525347385109436,0.20398527016475382,-0.13084551738348743,-0.5028773027992676
0.5811696492645486,0.03924203489676348,0.26544788419880383,0.07767259344905136,0.1362737944618742,-0.3290000593922563
0.4462956074231025,-0.2521105266186772,0.24524371512444876,0.06872687085726575,-0.082514221903944,-0.1625336000894503
0.5432440975531322,-0.10799971647527318,0.07898252279421153,-0.05202011357272907,-0.0550270429642868,-0.23044820724172255
0.5751936426433536,0.02077358700953319,0.16574539438789207,0.06352206853425951,-0.017864065911065402,-0.027092879291582755
0.5581814562705296,-0.07708694043266132,0.25844535279179587,0.010231150377942262,-0.15337055963512816,0.06943440272670419
0.5790181292772297,-0.057869090530074885,0.17388787553182258,0.11791076444353826,-0.026861179366590007,0.011304321402525668
0.5004049105355731,-0.39434406689334867,0.1023562834681179,0.031049272204120827,-0.19090273389096737,0.18194793064733067
0.5035641855380504,-0.1326833730530142,0.30418781778999043,-0.11853053146043807,0.18205424766625108,0.11438005491382938
0.8989802257826607,0.34510835280363505,-0.0836867482669349,-0.050569391207659214,-0.6456724079764012,-0.0971110821115131
0.3740191349536959,-0.11266799080896354,0.2801846591103254,0.09643449478017141,0.04973175674233858,0.4855332315278073
0.2487770432282482,-0.5543327810836798,0.4093112845438107,0.285949605902944,0.1916532349629267,-0.1360237417466895
0.48266469300544845,-0.6732521967807841,0.3828341466281473,0.11005799522011281,0.30791705550056264,-0.28716649921225634
0.5902142155063755,-0.2826440447302046,0.20985494566963897,-0.10198739797054407,0.12193446887135907,-0.12061350262290217
0.7156486017521154,-0.27852363004172753,0.39259408561823494,0.02979082850372046,0.0008901108608832253,0.21388185876176213
0.6383466887635487,0.09577293573243637,0.24559438270908918,-0.14175354005949434,-0.12065183727857826,0.10885615173814497
0.33208120696243637,-0.42049534887419654,0.25012394549041356,-0.40416462435174794,0.13027117195700322,0.20935669639340404
0.34408435864748804,-0.2799597323523379,0.16393732409878858,0.0939583967230127,0.06873959820805771,0.060867324487480806
0.4229088535001719,-0.14978681843045943,0.4089010215597754,0.2064844669089746,0.0863842281817252,0.3884726474743842
0.5582674914914684,0.12602978448898147,0.7051039010468413,0.2548807847154011,0.11366190268761787,0.3031990401942826
0.34848242594711115,-0.15555693859039532,0.46051249788577653,-0.05108829843604987,0.08750298710773276,0.2457373649218471
0.14984885375621426,-0.14301678759247882,0.11913382192896588,-0.0409087789372356,-0.2366084065937702,0.2666226734787438
0.09735973486656105,-0.12031832083649319,0.3398752304439927,0.005222342339186503,-0.21985996998831653,0.43974133762672973
0.17566335310212294,-0.3567648682597672,0.33002904922079235,-0.07086638546120022,0.11313072069371788,0.19739964589073689
0.4019157400304214,0.05212787445520373,-0.12020430862969467,-0.4448407628385865,-0.4193934074542792,0.2540199982409373
0.14790060813616018,-0.2967605930399514,0.48304792302165045,0.14684577789543024,0.14994842285977972,0.6899263161240935
0.21390834246725463,-0.2771786039821614,0.4359502225839359,-0.48500362387911483,-0.2563782943635766,0.10554487713069689
0.12196444887085826,-0.12029491856943525,0.29122105843382645,-0.22043400249709552,-0.16215956360872724,0.11876200085319472
0.08209231709315666,-0.016449419399067328,0.07694578287564349,-0.4830969354624282,0.07981133574883051,0.46861647166306364
0.014069646532985536,-0.0816613418856269,0.25390916775836686,0.05646348543084295,0.44700498782685727,0.7995910146395976
-0.008703164822077133,0.37623219362043414,0.5867887103401381,0.41726397628937467,0.6139907585439426,0.7541754425016293
-0.14441565097193138,0.1952162212053709,0.32357632461947844,0.0765936060887186,-0.09549645433206329,1.1224228061040644
-0.4891162664803379,-0.3266735100183886,0.37405539471199967,-0.34146808978427146,-0.0006270839142893114,0.5917668949923447
-0.5259998806584236,-0.37364181765313986,0.2902737822204674,0.09391519914208102,0.05919323367727369,0.4737460699697811
-0.18337551704711325,0.697534114603026,0.20042872867268377,0.4771371827018178,0.8855987386596061,0.7359572005621812
-0.3763170289477211,0.749991363953839,0.5887895129639142,0.6383910021274886,-0.3716564015235549,0.9618653968304922
-1.0636074389382104,0.5783484511229438,0.6600385386326159,-1.2492164280088847,-0.7147039175245389,0.9148539080686519
-0.7544742393400397,0.14439937156612304,-0.5247251236259842,-0.9997788604528292,-0.8168134526783062,0.6671332595261935
-0.8076881221981104,-0.21231213275802274,-0.507182407014864,-1.0129754409671003,-0.30022864596968435,0.5127939559223336
-0.5041732708112582,0.30549064939988285,-0.5927433814304203,-0.25658180725720403,0.712664186502004,0.23132758200669148
-0.04597008448619261,0.06714199761988279,-0.22439645170139283,0.7249109237472361,0.7948451889877979,0.6328853550343192
-0.12701788280966061,-0.014524737966329748,0.068805365059576,0.5868037235657768,1.0153921232573035,0.6464574854811169
-0.24458101179949143,-0.09703150809421063,0.3622221139571161,0.29739469912577937,0.8605978098991857,0.39920795853601615
-0.415981529870503,-0.14098972108123847,0.6048621149362331,0.40022410653312285,0.9184684656273454,0.38581493603875155
-0.4500284649729871,0.056238526264371425,1.0871768487055153,-0.01820962461217404,0.22036732838442058,0.8262851494293637
-0.7944958084467465,-0.6121802048489642,0.8379856851286415,-0.7083930735572498,-0.4479246919802039,0.9914200413535684
-0.3025499389453918,0.29486082636790584,0.3347531404070534,0.21859673051766815,-0.21855922766739522,0.9087148761531968
-0.4489310118119792,-0.03912990453551901,0.41291707447526443,-0.49095219716051114,-0.10440010501814345,0.589776855976403
-0.19809197030987236,0.2866001276137244,0.4497795634680201,-0.04469141653617503,0.4130477671280335,-0.2034424408331975
-0.6259846853280738,0.24658131322597956,0.6186891090514588,0.43389234703443813,0.4116931999996567,0.5017178683319838
-1.065164593151493,-0.4866772714361207,0.7932200845455251,-0.688536632661742,-0.5870112426957569,0.8705351375858066
-0.8793049042942076,0.07207075937825405,0.7396832532840997,0.35397719361694335,0.2614977892499912,0.4496756035946169
-0.686372361190424,0.5830974641633915,0.38690459634128505,0.2534871282369089,0.2852146834243703,0.9558869923794512
-0.4345894563252528,0.7404703592988591,0.09745706031374285,0.48401753872570275,-0.7165174509482275,0.5072332548511166
-0.7691855387712385,0.57214035594847,-0.04567921087212576,-0.39395050090526157,-0.536002083396961,-0.041346168827249424
-0.9752910411393849,0.005364239991222763,-0.359093376245158,-0.6444652767326753,-0.6923465629794376,-0.45333874469882807
-0.61171457888473,0.714636753479731,-0.5657636638682935,-0.05464379299508648,-0.12317866504491523,-0.13717560288936842
-0.2823448198054944,1.3230329964696377,-0.7667754822513315,0.5424521682548776,-0.0058311565648459,0.2205430756164494
-1.101423281769172,0.27499573103741964,0.3257727448055763,0.7060888188354277,0.7381869551272885,0.9376566015288991
-0.7314127715196207,0.3601555259385413,0.006329623795838235,-0.48423482811542184,-0.4973525266673868,-0.3447390453007145
-1.009522292584445,0.19245002890726154,-0.33247653154954177,-0.24172062525554755,0.12821068870997449,-0.07287297157880052
-0.8990357419238464,-0.4259954740226296,-0.320010581364473,0.040058927845911,-0.4780389767960744,0.4580949301574612
-0.768166763882651,0.6424622089782788,-0.3342728093795504,0.694331888832648,0.04895418432525253,0.36432224494675514
-0.6763732492893455,0.5741490477644262,-0.3139608576882784,-0.43758217346184947,-0.005479984860032719,0.4720453287928468
-0.5276749103138318,0.3610173289143631,-0.5660999085279361,-0.6688612958306795,-0.5871172305919873,-0.48303450790721936
-0.745953960733312,-0.232064013773075,-0.6680516393027724,-0.6575156749554195,0.16036194783466345,-0.7581841418321252
-0.8033534446172921,-0.5765873734879383,-0.8844268979819259,-0.8672944631744215,-0.43114148540957453,-0.2499784383765346
-0.4374507176911562,0.11020241387926523,-0.517038472444632,-0.5712592329773847,0.3386399083401673,-0.011253250469507012
-0.12247277282482724,0.15635243034747828,-0.39369107947594295,-0.3720358709037786,0.166055156318703,-0.025476922861443596
-0.4288283169895143,-0.69017183104837,-0.21442631543683985,0.164066516204074,0.5417790277514897,0.02171756820787199
0.24959014849098968,0.2762019387383614,-0.3897522195216875,-0.13337915013473933,0.2302011090927501,-0.2847597920186441
-0.08883901082647047,-0.2795502893650308,-0.2317917029634925,0.023953083252446744,0.3151042965608384,0.12316640569212875
-0.15448090550993931,-0.6630500712766776,-0.16592476208942986,0.3082214161048509,0.09435541262233607,-0.14406920514097138
0.16264631454795075,-0.20451281945819588,0.04461799130351933,-0.1450448614417015,0.34058948739561623,-0.1369572986442643
0.4782301903691396,0.026835887227916286,0.06549126807971443,0.2108482017964997,0.5138325978777863,-0.24905499036452045
0.3984773409170501,-0.26232057936700376,0.1441813938354513,0.4250037662768592,0.4467943610155738,0.06398479902556481
0.35002126246065624,0.16731668442239991,0.00125130002110857,0.34675477093777274,0.29325571643692466,-0.07640885366237177
0.30816846180323443,-0.421625955022727,0.44668440346879923,0.10531958371297753,-0.00631959260777493,-0.10073664668478777
0.4155903093556099,-0.32275789753187967,0.1987261470941802,-0.0863251720484514,-0.09346217937453973,-0.7189635628132199
0.5606939887689151,-0.03643404956741658,0.17258167338451647,0.12008721923194571,0.0033700883935923326,-0.3059015475244242
0.5158695857318868,-0.03506211014017013,0.11792951151294608,0.13507468247389726,0.048200344860597044,-0.15349299297318514
0.18933937104150764,-0.8234473293425766,0.1589905067705285,0.2813627268172455,0.09344000070085268,-0.15301887092554298
0.9174868187752447,-0.054255313575177766,0.4235264463246235,0.11761487506541217,-0.23634914428168327,-0.29954744209641365
0.5350882250713909,0.25806139444049625,0.14769133925039943,0.19387120335670321,0.28938011288576987,-0.21656386910336883
0.515963096729699,-0.04396251285263422,0.11916097264671906,0.212433660777119,0.056349690368103694,-0.004461826288248129
0.668712342849611,0.31865218001425166,0.05400805302090923,0.3064912524934659,0.24660334290599903,0.018518760021371095
0.6265206687358904,-0.022049779999316732,0.14230783713667491,0.1733840342003413,-0.007438346798226083,0.026946215118866666
0.3899416287170893,-0.07651163667948124,0.12055724744645328,0.10665058260658558,-0.24303899427860265,0.00025435612707288034
0.11294502942722984,-0.389947204479051,0.04784977165817028,-0.4414612360329607,-0.092655661149857,-0.08231477624965747
0.3424416805045779,-0.11149673122956982,0.08101805442492682,-0.2775113951200898,-0.2931958237180912,-0.056971188986616086
0.19313942432786235,-0.20050858824880446,-0.009843201440945498,-0.08943672971925894,-0.4425456473684047,-0.029102081474193575
0.24306258900119865,-0.36756245978459845,0.07682006144071532,-0.5629067480649618,-0.3577904840351491,-0.4440114204755166
0.20259558374672318,-0.062378348509601,-0.19694546201747623,-0.08933495762989431,-0.17895321230321304,-0.5587247990644103
0.359257043524717,-0.2789736787621525,-0.32771798981691325,-0.22169840801767254,-0.1546394403477487,-0.3605152152487991
0.24498281828562452,-0.151079940552449,-0.4264658718030654,0.0696961212339863,0.23223906037530515,-0.013305740340538011
0.5731012776090858,0.17526954246558762,-0.10958639582315952,0.270159082670031,0.22220169593411845,0.19368444658866416
0.4956398601783413,-0.08181600577451549,-0.21957363143307418,-0.4792307534864501,-0.41110351139844886,-0.05017193890203519
0.2835658175949471,-0.29018994542734955,-0.16026403507103118,-0.5053141485413086,-0.14949797888228722,-0.3441034209959624
0.17532746022778484,-0.43342695146899957,-0.25797764842659965,-0.47443124627445965,-0.33955346615045234,-0.4052385413873018
0.3252075674940324,-0.021285823767933032,-0.28681600955815184,-0.23726018219176784,0.028405626168724885,-0.2925899139396292
0.3651788609317488,-0.06282651091187688,-0.07111976745649834,-0.03450342037441444,0.19251912309811844,0.18543352624369672
0.34328647693864184,-0.14409600050934102,-0.15694022900980437,-0.046439844108758115,0.08515670826306694,0.007645438032554378
0.3821841148396531,-0.20548423961719037,-0.19681388322512322,-0.13431046608519848,-0.261230652115435,0.0570299760365064
0.044301378103588474,-0.493279327931278,-0.14974979771528676,-0.2482200743667622,0.10461278138811655,0.08635068631945411
0.029668037120363366,-0.4587228168584908,-0.005857635015703383,-0.4289767281938763,0.1914793502425989,-0.0726981359127669
0.1241656034566936,-0.21347498401573736,0.07135511658271199,-0.196982154306268,0.3693579986399299,-0.03345548436928228
0.3311539626009599,0.2089865673136067,-0.026321225826160224,-0.890396863705791,0.1346986876687634,0.02571151786267867
0.20435596355448166,-0.24267011443911116,-0.03551717514995864,-1.0117126002771937,-0.11660933461376632,-0.017318193510541428
0.11062462167984408,-0.6617717697877115,-0.12766870204978226,-0.3984743596425209,-0.14644501636430224,-0.14165454609112973
0.11215656382679348,-0.5843000431426579,-0.40870726805379254,0.3679165847718112,-0.1227008144450637,0.052388399630513796
0.12045409591388528,-0.1521561468344087,-0.3899923815762576,-0.17077059864139293,0.19402958993630556,0.5373122681536181
0.27206819454264314,-0.029807652100249687,0.21646555523548905,-0.4795848027784611,0.02959556450669859,0.36439770475716016
0.1381956182389707,-0.32424242895216626,-0.1955511954363819,-0.22072469744628986,-0.10325226068036439,-0.34431340117933257
0.18710752394318456,-0.2976035395402514,-0.15526253845827842,0.10424512854081211,-0.05738133041093056,0.0260696402215219
0.2584604711070517,0.1155574112287871,-0.0033593546338593037,-0.18517357244667987,0.0912297045443257,0.016997640445930058
0.07028314678486826,-0.2148117721817138,-0.13137737119338883,-0.07287199429497604,0.12417628323475396,-0.11617975276022134
0.02098340185182604,-0.5480600092183378,0.05817082034699296,-0.152567787708078,0.42623271261625206,0.03012660237176713
0.19028541495664186,-0.3989400714719155,-0.23219472887735548,-0.14788691835042506,-0.3767657677387208,0.19066074942469258
0.03124193206357692,-0.23100430564226104,0.14275803929087605,-0.05220439108488098,0.6367168347780836,0.3437216255111195
0.28218574053280304,-0.09686628699792559,-0.015601911575353282,-0.2797067421833442,0.1953756776727001,-0.15280604030268816
0.3326012853865558,0.012968788880078352,0.008039372466602487,0.326369755435778,0.16728827078966835,0.061605749670988086
0.21666421001696018,0.20638018106759304,0.12417654760495841,0.23774727622667932,0.3484962691497083,0.20666635491033983
0.03499157284220199,-0.2681913564307417,-0.10994634449295979,-0.018230225613970197,0.027534238631203932,0.06251486878568085
0.1567850104404077,-0.10668896291414032,0.11963510468025512,-0.07285100756652733,0.14827221962745338,-0.02526798956500756
0.08425465488830135,-0.22998947638578118,-0.14393620539121033,0.17803211848847925,0.34258124823271285,-0.2056373369747397
0.40489188334010684,0.32418030659607133,0.08245814118060747,0.323864105404433,0.25196813277172064,0.10379708167764937
0.25582195054550516,0.2640069915600339,0.45350164566928475,0.5863673620344284,-0.19830061098915006,0.059149655082346674
0.2815194410454406,0.08183995493819671,0.25205057135159137,0.09323418142095154,-0.8131705257732258,-0.5171993434744687
0.07130433365473182,0.24052243543815519,0.1193709136267262,0.19736050949269876,0.049080891113632064,-0.6014697843897078
-0.15903298115533912,-0.1457993298624347,-0.23734179898167612,-0.08033805756680712,-0.222945814711884,-0.3259073269903143
0.0915990778739608,-0.1741155483921797,0.15534571534682068,-0.2956318620680156,-0.12478858790243418,-0.14036275278738794
0.18209390781872375,-0.27884310321817046,-0.07998522356642779,0.025442823091018293,-0.017173388151327143,-0.3749288668710646
0.17131727699889582,-0.15194762174639273,0.0022325950122244484,0.41910007770792096,0.05793457948662631,0.060268551724335755
0.36452564749150007,0.4949341523854416,0.08931922493650116,0.044245592663630526,0.05519696384446684,0.1080608735909142
0.17501106617531842,-0.2676545490818703,0.043596457233303486,-0.025790956571569476,-0.01311706955598474,0.040616589707647116
0.21030216106034244,0.038166749840148256,0.008168890610912707,0.14946870573536555,-0.1234415488948848,0.05635251924733649
0.1426663493901073,0.31353261041495556,0.12467696681058729,0.10722299581165852,0.18251012556139148,0.19268433399890447
0.07418213786002739,-0.19151515092603472,0.052794049450146305,-0.08600129448067226,-0.21798532515430244,0.09110077585237569
0.04906608911706143,-0.2238317642011587,0.17735399149838085,-0.2835134135050482,0.1764372553164913,0.048819223041914245
0.2987685379835626,0.06959127826992885,0.1988187774329513,0.1258683880462207,-0.05498989830688501,-0.06603661769724219
0.09025294667382341,-0.057641400834892706,0.11860184308589902,0.148233782830029,0.2057378292980304,0.11648425845845382
0.07739020312449897,-0.29239377229490204,0.1593124202943058,0.06093297507655131,-0.01766326596440151,0.2017682339375778
0.2679649839069834,0.205954887910818,0.19411532106467985,-0.18877903542064053,-0.20186878324810775,0.16339508700242597
-0.015717409668621535,0.0855125819629752,0.20767755745172636,0.20406991618672896,-0.09778376599312397,0.24173307842645467
-0.21517685236095913,-0.4131195778203856,0.0182910073206059,0.007192119290968212,-0.2148872330063809,0.30111604146138665
0.0048372312034503165,0.1807514928630618,0.20848122728391655,-0.6439167696192487,-0.17439488791603816,0.27563548921478065
-0.20549500527814935,-0.10253135096665211,0.30677555666356576,-0.6151248429932139,-0.14721026977546853,0.1398511988914091
-0.0132532887718593,-0.1023652895488337,0.00542035522348655,-0.6192163052946527,-0.46167301515655,-0.004024169103691248
-0.3679499212493683,-0.04898008915572133,0.249651019121487,-0.15626997181993119,0.6069011683345644,0.39343868014137473
-0.22647176353712167,-0.12794221874879388,-0.05524979019002843,0.0325577340120166,-0.18861610600419876,0.06973084706446034
-0.18422754047500056,-0.19100736732129076,-0.020026512871745727,-0.10381587989825777,-0.293823308457366,0.41972783113102585
-0.15660356999559744,0.1292022689501166,0.2607275103272118,-0.15027260232664136,-0.008198456990228975,0.2864387114000808
-0.41367179496918366,-0.17521421504965973,5.9307445741133e-05,-0.041911325638481926,0.2194918178117761,-0.04449120482254555
0.2957278564977452,-0.3940947318064016,-0.13437172112605714,0.340337832343244,-0.6205328430981146,0.16409561973508338
-0.03171508433359237,0.5034055668558026,0.45899544947200144,-0.05132419748633791,0.5596670910861635,0.5432678214640368
-0.2443795991084962,0.1016560477944829,0.035750024794120205,0.10031402378951364,0.31157727084135495,-0.2656655262375166
-0.1298664871306006,0.3584380691242579,-0.06812733412015604,-0.027731861816228776,-0.14207137770684913,-0.010730676241571783
-0.32565107330666265,0.1455147371445436,-0.04979610968056498,0.008346862340314343,0.007772448961435502,0.0606236015143529
-0.5417656302938825,-0.2730623053665099,-0.1864434563821465,0.10020760025288239,-0.057367886849026016,-0.0884859926497506
-0.30390095237356085,0.24221389413457525,-0.12474867448629615,-0.13607837175841575,-0.10495665499972255,0.02915581136562683
-0.5076802917311599,0.0517234241864345,-0.22076052148322894,0.5348922500766571,-0.3417441414564037,0.04110460532737745
-0.565591438694989,0.4508236417957123,-0.11153365599477354,0.2319178330378786,-0.06399478875502052,0.1580739960419328
-0.39790816244889177,0.49973435775789826,-0.1316917772753895,-0.02478245722859925,-0.41708018956465076,0.009210711749006412
-0.33329631333573334,0.7491520738411694,-0.1965274537518401,-0.6052296950778032,-0.15160593472589423,0.03725698043280744
-0.5859894107488817,0.25309091080997115,-0.3133748820472324,-0.17332388044935362,-0.24083538252385736,-0.006288619599951972
-0.7094727086252809,0.409910995053886,-0.3166703107330139,0.09340180086933919,-0.3600487479838737,-0.08780880108192228
-0.709637993843311,0.3611539617938589,-0.5456504746068,-0.5757577484862781,0.193307064517608,-0.09296009274611675
-0.6158546593337961,0.42374879844115027,-0.5639004303380427,0.0984598507983939,0.11712527470650724,-0.1619875255936316
-0.7245292637683403,-0.05630235667464306,-0.5559427563719938,0.25101526492586357,0.062292266326509645,0.06339913793431794
-0.7048511496360212,0.0733495546237585,-0.3815158280401932,0.33323871020627516,0.23650614038722936,-0.12725322352712476
-0.5972018412499757,0.42559734157351153,-0.19067062856484046,0.3612382711363018,0.4094613639098299,-0.26927394740577604
-0.40333391791522283,0.32114090256850236,-0.27012646791966566,0.1468655261750524,0.11502832005078277,-0.3456395423906865
-0.4546638449127328,-0.011287497317752526,-0.3305774621078964,0.051421174828023414,-0.31620496991127783,-0.31590097948144114
-0.5840678566790073,0.12433447576065937,-0.1569210719786124,0.24855224099779477,0.05408409578298094,-0.35946998129204505
-0.3196890325674176,0.38291139585040135,-0.2578822474277389,-0.015952782536884647,-0.1749242838023954,-0.49174736310075157
-0.4508663885747375,0.06120581091028518,-0.4464355316179398,0.16518302896853615,-0.3159877338767606,-0.33002552096259524
-0.2559143129476354,0.30263808492684025,-0.3164329058970246,-0.23236805365131896,-0.30018022262052113,-0.2370733937811679
-0.2207558415524574,0.2216752935221143,-0.5090384746576282,-0.40616338982294153,0.13843744469939373,-0.3156918343813552
-0.3790930193372249,0.022311977399382996,-0.40341798455878763,0.43187797731593586,0.2696309302390866,-0.17789618644907979
-0.2901999669342876,0.2075576708761015,-0.34171837189482357,0.489309228723537,0.3148459271080854,-0.14889831431802603
-0.2958266594950696,0.20156687620625435,-0.23335436185201888,0.21719801671459726,0.00930177517204614,-0.28448564873179794
-0.31714496812982035,0.11301085986584139,-0.31823518254107747,0.1629468281844272,0.06125353833137824,-0.5968186851153707
-0.185182235833672,0.23051805356620786,-0.3557434521658843,0.21071984344646696,-0.19936553382380764,-0.4213794765454918
-0.4256058432124895,-0.0020375010251574843,-0.2649022433003377,0.01572408546222165,-0.0029972726089060077,-0.31699601248933973
-0.0944745117873425,0.24360009906083174,-0.3687220404845059,-0.06199821161623714,-0.20524659204844276,-0.6742944036463062
-0.19111647328426004,0.14345441595897834,-0.3151873656074845,0.025166204534999487,-0.09927532095249159,-0.279001379959491
-0.25678794089137225,0.1098798930523887,-0.299822563533508,0.45336869961938253,0.1702498191570737,-0.30757745727922514
-0.05797571433788939,0.38494513152628795,-0.2975080075630925,0.30471323404968453,0.2927436880746038,-0.24316934586078304
-0.025246258428042075,0.166079014132827,-0.3007711055711855,0.09276902911000712,0.04214788650613211,-0.25349407744255176
-0.04903338031656021,0.023653905469851275,-0.17321251224311893,0.25710340495855866,-0.22992555041460216,-0.4570899298990368
-0.010946476915853966,0.05532199037956056,-0.14927562814010603,0.07412339406902854,-0.20178697609523527,-0.5055317482194275
-0.12102809716086445,0.2892838900598784,-0.2742729612598431,-0.015519685060069927,-0.15232349180366017,-0.4610304640518546
-0.0004067549027612499,0.04018749163901242,-0.16426895940010408,0.24645189530703737,-0.2466859281960261,-0.28560499664827815
0.1254805743446706,0.23310167213489705,-0.2095872068332333,0.029260632078330046,-0.09876348149175146,-0.29233498565645694
0.09366789468376147,0.30911790881896234,-0.16807117252101428,-0.009296101462621914,0.02748388020323861,-0.19134081030752714
-0.0068287077420185575,0.018540517981557217,-0.1403820302727939,0.17161794269485475,-0.17829285576013781,-0.2603702654190974
0.05621931093689113,-0.0022012214958407883,-0.26832588992655937,-0.00502797253857,-0.1721702799094261,-0.2853939532618538
0.01681706379250579,0.021272865186460207,0.008614240578416477,-0.03230546778504158,-0.022659411970641682,-0.17007520645504634
-0.09050608030336837,-0.27161300281021195,-0.2008514993416635,0.428078273437247,-0.09021440922291381,-0.39792376728431517
0.1782956452448512,0.3560409463059072,-0.037774874890904045,0.17014637468175242,0.22085063120350268,-0.14995851007782132
0.22812785336455815,0.07166973915392635,-0.009096924139388056,0.0777958837444015,0.07911179362976155,-0.23208729960271252
0.08947574821468648,0.07319075689096563,-0.1339554153681866,0.06363347110576847,-0.038548795721395815,-0.3676147685521645
0.11965996767908817,0.11668529149573728,-0.2499521983251122,0.3157997110079948,-0.016865651209565263,-0.23767699918769675
0.2634681132821167,0.12093603494044339,0.01317465341992731,0.5344084006133041,0.2580136062669274,0.017652887837259244
0.3796912755981452,0.37766203089448325,0.0034979054024639536,0.4755938367531358,0.10090781727840975,-0.2663952797881905
0.3749683876829282,0.1422227597527064,-0.06857066548164834,0.3722584291282976,0.024920827646008406,-0.2635808421748849
0.18948764789746797,-0.07941543940719532,-0.0906411274205991,0.26097985588315886,-0.1980484138349815,-0.21898998830889824
0.34801640374775034,0.17028217386104522,-0.09682163360149221,0.2791579559937982,-0.17059188916218065,-0.27362152093982145
0.1312332093234111,-0.03248055825150087,-0.03204033716005847,0.2033908384378107,0.06144739162936796,-0.21903209983705207
0.40072164031589863,0.27226675573361736,0.030886374857314436,0.061352643796351684,0.08576196387134734,-0.33324637830589837
0.1886482313160708,0.1828745554117053,-0.0596454941083515,0.39235293426253387,0.26688990918188343,-0.19585499059059647
0.31537881639548215,0.0393948949227631,0.003025446155043042,0.4557781782191389,-0.08513167759895934,-0.25743916974929937
0.2674161534485494,0.12579603408762693,0.09038647915644073,0.3643267443332119,0.030000677745832996,-0.1894436347420877
0.23039160950587048,0.11199761177450253,-0.052560387371579885,0.1542158415167303,-0.25768774298229613,-0.36530457821706414
0.06869268090731781,0.013536327511944113,-0.09019186227454104,-0.1215790948118748,-0.29664709762751423,-0.30886933142594003
-0.03962670105848881,0.039580377112407736,0.016191225293566036,-0.09255806456299231,-0.2108063093318584,-0.1790575378298608
-0.0719719916988017,-0.07004649890025466,-0.16263796506776557,-0.038824354127974754,-0.33221694642373634,-0.2473367387890935
-0.25775341315367817,0.039225437881249194,0.012251362933880863,-0.24753748686766988,0.04516343572579353,0.04462210066812495
-0.22488322973326158,-0.1919823054470115,0.10271059741048892,-0.19347337194281605,-0.14170884745966633,-0.20241599529248328
0.011601240937622576,0.13150302268737596,-0.11986958292287654,-0.21701299229892462,-0.04744672705156751,-0.16948397867210885
-0.25574093057220737,-0.09047966445735993,0.08615567803631033,0.3291583897450569,0.3341721060686516,0.20008574134000978
-0.13161652418934527,-0.13245725088121896,0.10454623719902267,-0.12580421069664188,0.048807438435756356,-0.0969131561169564
0.06387095058334807,-0.01918030521696472,-0.034202680399613695,-0.06085341116929707,-0.334289992113004,-0.135316730228378
-0.07576308065780926,0.05794071243002337,0.06587666771497835,-0.22269168162237754,0.08548978944229103,0.11172153773820181
-0.21815467313440134,-0.30068079408979426,-0.08531540071913261,-0.07581732547087892,0.0610812432689485,-0.012729612125341919
-0.0504623284578493,-0.02885991152576682,-0.24345653921650873,-0.1109445768267872,-0.3350412348359505,0.03865240073490071
-0.1490679360290743,-0.09995226932780288,0.2975438114865724,-0.031040394904503832,0.4259426818115499,0.36555539104110935
0.10318582575716842,0.09914936696399154,-0.15139102490368167,0.22141446180245114,-0.011709591084558886,-0.30778917042383563
-0.11508552841431521,-0.03203520042169279,0.00693168583424314,0.27975003997670533,0.36039281819621694,0.2977917473655113
0.07349861763276198,0.14225989292180213,0.09265507449393248,0.04755511555663891,0.2299559443216656,-0.09132894246091845
0.08365690170087986,0.054770851965354035,0.05651171059356831,0.13941149033244918,0.2383465776705324,-0.1853463639096675
0.2135383939132186,0.1100967033584162,0.014320105552823138,0.13421231048883964,-0.28736790459060546,-0.20216031919246374
0.0975859819440775,-0.09086413515771802,-0.019268183341461333,-0.09945920062277955,-0.0768823184972801,-0.08084892784580709
-0.042009177396634456,-0.14742200642858788,-0.11315338243196019,0.3066133781449296,0.1488675796849867,-0.19687616083579867
0.11698571225931725,-0.0741228199469818,-0.0646175663856469,-0.21867070826067309,-0.23277276706808805,-0.014592764741818247
-0.11373455805467866,-0.29213067576058266,0.06262851169960887,-0.09882299183686763,0.1277192637902742,-0.13558074495349426
-0.09668157639331262,0.04767872177744817,0.03234000216117511,0.1347656250906663,0.09225906276274756,-0.2350267092596218
0.03464824308200247,0.17790370936210634,-0.07474437210114909,0.009134354580423859,0.15952506571280636,-0.11145944777853078
-0.10639663539165892,-0.21470501151346175,0.07240839244026516,0.051311227407823456,0.3050181662225062,0.028570721997957585
0.0983482916373813,0.16772426556538655,0.12514295538240328,0.20337746840571364,0.2121442532404928,-0.2573024202984764
0.26590393508481946,0.23629849629701694,0.017886046597455227,0.1856778365681193,-0.20152595811205054,-0.11451035626233778
-0.06941712221906463,-0.18333556946373503,-0.019755895939300182,-0.15138535086669444,0.14408128064464926,0.017710821908737254
-0.04062727225481147,-0.3097953669060411,-0.03641372979398384,-0.06466156147410337,-0.0650265117843501,-0.195034140596368
-0.1189119221997456,-0.23725373360113305,0.055310026420875305,-0.15816354196952784,0.19622386140630474,-0.06565656924896125
-0.20648129836604961,-0.17772687994984326,0.015139791775898678,0.28141332479581005,0.1773856032375123,-0.1716205632367408
-0.008058845818206197,-0.1683670910305814,0.16430573865331843,0.09010386215573168,0.01723714315836325,-0.06701504776827302
-0.04144861767330747,-0.07970299718626335,0.23762193510115473,0.004865193608412879,0.10304950280038344,-0.18064411782744363
0.1108662209882305,-0.0420704803127005,0.277958231770386,0.0030916823055168463,0.031123619834568517,-0.2540428237883872
0.06796125300585668,-0.015118026851148297,0.11847478173365082,-0.025338602000182647,-0.014420842566466925,-0.18516142470502278
0.003958157725688888,-0.17625055365757705,0.1994603587912568,-0.109773093642944,-0.10619264323586028,-0.0649292204616045
0.0555114974106901,-0.12483518395535975,0.017143095975514944,-0.2099112284162013,0.14638501051512537,-0.09802672618166408
0.05941212016241283,-0.07352759742624283,-0.05698108258777057,-0.17958531224847485,0.10210345896028608,0.12174837780552236
0.04866978713891015,-0.29297903294517325,0.00611502191397306,0.00020515675809953948,0.012029846170909839,0.18712120157204476
0.062261137639277056,-0.18248053982791448,0.08597899529818617,0.09001395785466972,-0.03030120258979889,0.10675649261954086
0.2611565955256309,0.1604515653186237,0.04283711272164001,-0.347607088957445,-0.21799092907088008,0.0640039259503693
0.10611141253725077,-0.15925227981056683,-0.216380018936532,-0.26661217031151163,-0.124995852349094,0.19956335113846768
-0.2735205643862293,-0.19785562073815177,0.45860134888225984,0.28017872069186667,0.4151536554076483,0.3277412259554848
0.0810542635194899,0.03363688332032373,0.21703833236756181,-0.37668128205733586,-0.373922321101983,-0.3935085591236957
-0.21237948667931955,-0.5168584209740665,0.03527265120368929,-0.11506089803641306,-0.12465307400814389,-0.07132791333158775
0.11676521632960965,-0.0349759001549115,-0.11515222185477944,-0.28846441856746263,0.46804272768843125,0.05193555141262427
0.1951166704875289,-0.34150503730519943,0.006824853172109364,-0.1393061975733087,-0.013829230757442051,0.29820699415501994
0.06740330075323685,-0.2696875753360771,-0.12413829890343822,-0.14791756230102393,0.24499234453926066,0.06621137782442238
0.17695338918351627,0.13413542820393876,0.17193131447074317,-0.09840696557145834,0.37164119308376986,0.17176628310739167
0.10864834306542838,-0.1407855483051669,-0.18741940543697355,0.06565163678204991,0.030627472641705872,-0.014606236783418701
-0.016190533715486122,-0.5848232583496499,-0.2577847372559024,0.20282039789386053,-0.275238486824534,0.305530292483618
0.2044105936719688,0.42983965800235824,0.21285768485185522,-0.2364136234256744,0.6111044937454201,0.24212204189843012
0.2821829902326043,0.24042332580808756,-0.14178664893892878,0.05881817701865588,0.05933646008436727,-0.15558858587130941
0.10715325896628833,-0.47557698934349746,-0.1233514044273464,0.06051839759021045,-0.11495005031814906,0.19116995026057215
0.17638374219646852,0.10110810681405404,0.062495974110055974,0.12374537149394721,0.1392864727106696,0.09607406735925494
0.19629695418084708,-0.01822479576980785,-0.139176116720912,-0.031134532786568248,-0.2714334727123438,0.007525534918866331
0.025214635626161386,0.13500561233946137,0.21988013636204315,0.1287173573021721,0.49359325787086566,0.17593699401840446
0.1404457471032714,-0.16027110417955814,0.02830359201474357,-0.1645491372982724,0.16693116593863794,-0.23460619521016335
0.11260172607210495,-0.2520881239998837,-0.07353313050720486,0.21674828622527986,0.18624913488454217,-0.03412894460659973
0.4117265220965356,0.10140556391178165,-0.03403166123054263,-0.003961931853272843,0.07684928736236474,0.0867697673083529
0.20813757197509833,-0.10236037619602974,-0.03935278054326565,0.21437081992550622,-0.14238628866183237,0.11724222528746506
0.10362564728028452,-0.28548457756647594,-0.007800276092417319,0.06280218288614167,-0.06424133674162386,0.10496107634002066
0.20911020827761745,0.4015684937156889,0.40611163080738377,-0.5162560086944055,0.40085580102566265,-0.0030411821383831764
-0.049081604265049567,0.18301975140603116,-0.10527537038870637,0.429106589110741,-0.04442892234971953,-0.38716271043139244
-0.1519394355876444,-0.565513536747504,-0.13396750257877416,0.01604986544921269,-0.29715623366252436,0.31878309437367497
0.00608239500309778,0.2758069154881742,0.15215425481536765,-0.3518945220987893,0.13327377514856822,0.2415454615894389
0.06953877857886934,0.3226043073231583,0.04836133046306113,-0.4107530002949472,0.0286223456696277,0.020071485123501234
-0.2714112743531133,-0.6270890285122314,-0.2006185009251156,0.3550781551840358,-0.1706665684770376,0.16211794283393988
0.1962272126110849,0.526563504303605,0.22076746408261752,-0.3856264216936319,-0.03310971699386708,0.3671445161463714
0.012372116608194483,-0.0204865491206951,0.018782309542073383,-0.045654552867364306,-0.14980661035736492,0.0383421078572899
-0.07191129126772175,-0.13046934251789027,0.036491623671043104,-0.36071672457582693,-0.3219207906696892,0.19358240946812838
-0.20448039832522513,-0.3841343778644737,-0.2437163634375926,-0.3528382381764216,-0.32438784208856924,0.09849148364257213
0.04416861556893403,0.24220645157796844,-0.06604065280437688,-0.4549338843682622,-0.03125642662937857,0.31581368895029416
-0.07525167576516542,0.3059625920589224,0.03963419072667082,-0.3243743384660926,-0.16990860596516255,0.15322255937340004
-0.312835096500774,-0.11925597725114936,-0.5059619998271331,-0.06255881075072857,-0.07895993716634071,0.02945904786049271
-0.2245831953847853,-0.19283516857988353,-0.640958332935817,-0.18464609911497806,0.10673140031397142,0.4191580857917818
-0.037162714129487975,0.3741935973604166,-0.342697164654734,-0.4659490682260794,0.15388950012516442,0.37273682324158347
0.048028239059586,0.4724842101250256,-0.3375168053387909,-0.4405814986459279,0.26600012951101537,0.07366088107075895
-0.2168428903020857,-0.1239050926414073,-0.6063055029971974,-0.09546158340895235,-0.10494580132649176,0.03131480805343288
-0.11879653729082262,-0.027997706492191167,-0.5996896263777013,0.05631750331898838,-0.6379803905723604,0.15894438637950464
-0.2736754034829222,0.44574363357660807,-0.478477534962104,-0.8605306982088189,0.6858664486253717,0.1315527169647258
-0.26059109880957493,-0.15220763055189246,-0.9174339487838836,-0.2991351575502655,0.29173404700048916,-0.18414835856835987
-0.18395251735866341,0.04730465054475741,-0.7820139312868666,-0.056134286689344746,0.42912034167597957,0.20556433071344637
-0.2639717909364845,-0.2102436886104563,-0.7229526778928538,0.17250774603366162,0.22915091435778462,0.052082485897100045
0.1582905518840265,0.11561571238208115,-0.5642037412256226,-0.021953963947161113,0.14717335479401777,-0.04540496933350584
-0.12432959436917074,-0.13190333246550714,-0.6961775546326918,0.3239952610432409,0.49305016803121426,0.005552809540429078
-0.015241280020055342,0.05057788922622594,-0.5548028584599483,0.1290637208670262,0.0946408629710074,0.02065741101253539
0.1498168386322051,0.37574541230280445,-0.284766905799095,-0.2437507619643572,0.4009510564160409,-0.1630315055747629
0.027877412149508386,-0.04013795976324147,-0.3179322620289726,0.14871590350611025,0.07437078784918316,-0.4067072140335086
0.18564325069016557,0.1345996558817681,-0.36590864009340707,0.11000763960290211,-0.3056097454705911,-0.36594569807223665
-0.0017850698961024078,-0.11620962771489649,-0.45974416924690914,-0.20651165507491087,0.06779392149654904,-0.14055634320730556
0.18555484838389225,0.12106066315528904,-0.2668028594233156,-0.14578748674766298,-0.045571899481269135,-0.11986348815330153
0.13259701489141454,0.03947802708125347,-0.4327527278352787,-0.012651647234247719,0.033742032947932654,-0.1079196061450693
-0.08468493125542464,-0.11800727751267565,-0.45749998927089863,-0.23847314871230577,0.47549087468464535,0.1258074355205966
0.29211176926296034,0.16354990828310575,-0.5091749461948674,-0.22323955922636557,-0.05933197793282405,-0.13575838434792029
-0.018756441951710154,-0.45381522639840144,-0.49868767766163674,0.28270795050537145,0.09525307329086088,0.0746441231370466
0.15289696841303568,0.0798028983104174,-0.39332844075602774,0.051654664580779774,-0.15007723188965155,-0.018216301957814776
0.09160958153639905,0.32772849517204816,-0.31135653916724515,-0.391553933477823,0.34484437577306526,0.001413618835726653
0.28382900311368386,0.5755960096505227,-0.34716355146828476,-0.7748441494613286,0.5639372795640696,-0.11132648359213232
0.07626363723290051,-0.46439115361971395,-0.49476010253153785,-0.3696290737076795,0.08166692416459277,-0.0034094069626755394
-0.10043970310128073,-0.7490250912789607,-0.6390309285525891,-0.037003309204236196,0.06946326936076813,0.05891505787073208
0.03672438287386934,0.01294619103058588,-0.5043969573576074,0.20645880709878542,0.5253791452573606,0.2762955619041543
0.32811181824841906,0.020101599397228886,-0.5515419130073616,0.13899638385598762,0.1648579786276455,0.2424735246226849
0.19062420303751132,-0.13183669773563358,-0.24506865923781954,-0.13568235644317173,0.35662565044445677,0.2604750346578316
0.5715721981805504,0.26302691938409034,-0.12426921560426732,-0.4552956320984116,0.29021154921714437,-0.2293446237646533
0.20127040708969096,-0.3135022149243441,-0.3695916045288258,0.11360370442674028,0.2949027772575644,-0.18748290903147868
0.35326855320956907,-0.30424318366842834,-0.4694323372386293,-0.010555474156880532,0.02663163853301953,-0.04217357683169903
0.340670256079825,-0.33473489476558105,-0.38934234327807427,-0.06973821544446858,0.0012498859405022378,0.09779370267029225
0.3085936846471464,0.025324951180430183,-0.1463886238221018,-0.13776230135669187,0.31044467735335135,0.016254767091601972
0.5761151865439536,-0.05149823383999752,-0.15550759733529115,-0.2430303175181301,-0.08669711444680395,-0.19791555427184002
0.5305745163136666,0.08096577524891063,-0.14988963430934213,0.10485105010484189,0.26299753238365986,-0.07743349237356993
0.48890076519588715,-0.22477544706970265,-0.28404105859452455,0.5228385711674253,0.02983388940648392,-0.011501497818396765
0.6627845070524078,0.28460071102081086,-0.3704274805763641,-0.1697410857155886,-0.017520046793565586,0.07355798815854843
0.5122910187178493,0.05680879659030999,-0.0323679731494243,-0.16958441987897974,0.24504148535060533,0.03271454617314507
0.4138636739798263,-0.11194568992217949,-0.20446300564540124,-0.06358374637715193,-5.5388370439307666e-05,-0.32502730745007063
0.32125656279194925,-0.324571851286127,-0.3562840255767361,-0.05534369714951917,0.08304899745718014,-0.08317658138389172
0.24134026418858837,-0.534961270719858,-0.27326279720717594,0.29078894773640906,0.06062445933135767,0.08105475163052583
0.4047833335730268,0.07802986378137527,-0.21914368401238485,-0.20811799114186477,0.29028609401780275,0.09725854926419375
0.3256721296685983,0.15641678255686858,0.0574024728605254,-0.4193205062700517,0.7553842964208675,0.09116278822327219
0.374166583616693,-0.06754190739649124,-0.1845416877333384,0.0062475603159901265,0.16620054136889317,-0.23143486782176098
0.24731619034980415,-0.5484939414820562,-0.21512994981858474,0.2643842924195604,0.03488051777905156,0.09249237955834574
0.5083501169046322,0.14571210168516097,-0.20332811679280363,0.0019066709779438258,0.05988892143078858,0.14610494714746627
0.4881011366076983,-0.13190792992375897,0.013037214437097778,-0.06616467602746388,0.010037569497209076,0.22023481968147804
0.4133804532600076,0.11908441474143869,0.11464049167017613,-0.43559991624718236,0.29223638705784494,-0.02620515295817317
0.32427528443958886,-0.41781044037076603,-0.11537777564579062,-0.1309518809602046,0.09644238651224411,-0.09079663314531293
0.4079300463962164,-0.5542853272162604,-0.3620864817015415,0.21130675919353611,-0.16132121995699208,0.17111226015824607
0.3764107879834192,-0.22365490004558514,-0.03973438363462439,-0.028920227477477554,0.23692494355888238,0.5666590773958482
0.4157564949646767,-0.6179111277372168,-0.5468244579057853,0.11690215464763132,-0.6232762390071492,0.26288118409500755
0.5133606007101246,1.027580881663245,0.6846540759180493,-0.6823934986540073,1.17254045789795,0.7565073928096854
0.4438121945540956,0.30195200227833935,0.3393346183155086,-0.5625003543453242,0.7771280151638487,-0.44131447074747626
0.09936081611051689,-0.7650881564872394,-0.29735133554147175,0.2679844105506086,-0.21275706624618587,-0.1580313616603497
0.40073533851664367,-0.7986165578315955,-0.12506057723202643,0.18366938334680166,-0.1819891876199972,0.46421543366164997
0.5992426843665049,0.4457375593282936,0.28484301166111853,-0.5745399007077269,0.46836628959381055,0.43060314201467165
0.34878386943124884,-0.3369781034789074,0.008430302040333668,0.06252503282050978,0.02405790305325603,0.10353187096543806
0.18272883842741755,-0.4158842505939635,-0.11618169603791312,0.2805650180627057,-0.06201540607760889,0.311667714357106
0.3520117405684158,0.24395933775003104,0.08067413972683626,-0.3076628280610797,0.13664852154822915,0.3965627011400669
0.18079136553024766,0.08841590919125988,0.12091433361284162,0.010333460959089574,0.08034462221819905,0.18127815780223547
0.08058623735668262,-0.203205400895332,-0.13275019417514403,0.06983649959164324,-0.24909689900193713,0.10137887315163532
-0.08286149389074546,-0.13391436031447068,0.11358308441520312,-0.20197338877884508,0.1750714541609222,0.3546652097110365
0.25788826358793915,0.656534619033523,0.42627558812417465,-0.9521166760335006,0.5182081531426397,-0.0025640861576578322
-0.011759150857610014,-0.06707867356662323,-0.09072144814541412,-0.21066614680848536,0.003963317693103124,-0.18599407664964557
-0.15479582307575726,-0.6075013872550218,-0.2080416878370357,0.20907103893834156,-0.3678671136897758,0.3023112715925036
-0.2189298459517777,-0.6917339648348821,-0.022325921794537837,0.2883682965494231,0.047930651450366096,0.41743514853739516
0.18060056926452983,0.49105251864913607,0.1795516658475163,-0.3755021615155216,0.16551995786054266,0.2606486024999583
-0.2778590600632349,-0.3057566712054517,-0.04105108750423045,0.19735863838934517,0.03447785315404284,0.12554299216395992
-0.055421724573131714,-0.22432239198998633,0.11054870740337255,0.063007108342021,-0.13279306403028135,0.21007510963753595
-0.2016053732070855,0.09742980069610516,0.11333258481255623,-0.19217300855641453,0.3923415977182192,0.11573785121728504
-0.10686558885251665,-0.08952749508290522,-0.0306073537185559,-0.0551427068512302,-0.059588041222053675,0.04107116097232235
-0.06230661063657772,0.2974512799212045,0.11232677023877742,-0.05622662594711382,0.22627754577489592,0.24756453602646267
-0.15647862774683444,0.08595570400928212,-0.04586972939435266,-0.09472114534060623,-0.07923058258637211,0.12612448953049288
-0.2518784646718164,0.28675512992283914,0.06799379615100518,-0.2894627888351564,-0.09990773366777478,0.1388372380339088
-0.5328265487363328,-0.4509221935666391,-0.1979203149149347,0.18357548464565618,-0.2786880147009979,-0.07152785241640605
-0.18999525053302707,0.13652819710743355,-0.035508305816911806,-0.25640548937419133,-0.05295207835431212,0.2130178610865151
-0.4613985519847899,-0.4305451696040281,-0.021933694551791137,0.2741412850488467,-0.6004556949230926,0.103648091710588
-0.36841225386941223,0.6907195214385338,0.28302013154645583,-0.37346577189237196,0.21775196612682143,0.013566565707360277
-0.45314635733975395,0.08823196841302526,0.0680588032193836,-0.01959617206917714,-0.5656432399163851,-0.25793076650683217
